1;22/01/2019
1;24/01/2019
1;15/01/2019
1;24/01/2019
2;02/01/2019
2;09/01/2019
2;12/01/2019
2;12/01/2019
2;12/01/2019
2;12/01/2019
3;01/01/2019
3;01/01/2019
3;03/01/2019
3;05/01/2019
3;07/01/2019
3;10/01/2019
3;10/01/2019
3;01/01/2019
3;01/01/2019
3;03/01/2019
3;05/01/2019
3;07/01/2019
3;10/01/2019
3;10/01/2019
3;01/01/2019
3;01/01/2019
3;03/01/2019
3;05/01/2019
3;07/01/2019
3;10/01/2019
3;10/01/2019
4;17/01/2019
4;18/01/2019
4;19/01/2019
4;20/01/2019
4;20/01/2019
4;22/01/2019
4;24/01/2019
4;27/01/2019
4;17/01/2019
4;18/01/2019
4;19/01/2019
4;20/01/2019
4;20/01/2019
4;22/01/2019
4;24/01/2019
4;27/01/2019
4;17/01/2019
4;18/01/2019
4;19/01/2019
4;20/01/2019
4;20/01/2019
4;22/01/2019
4;24/01/2019
4;27/01/2019
4;17/01/2019
4;18/01/2019
4;19/01/2019
4;20/01/2019
4;20/01/2019
4;22/01/2019
4;24/01/2019
4;27/01/2019
4;17/01/2019
4;18/01/2019
4;19/01/2019
4;20/01/2019
4;20/01/2019
4;22/01/2019
4;24/01/2019
4;27/01/2019
4;17/01/2019
4;18/01/2019
4;19/01/2019
4;20/01/2019
4;20/01/2019
4;22/01/2019
4;24/01/2019
4;27/01/2019
5;11/01/2019
5;11/01/2019
5;15/01/2019
5;16/01/2019
5;11/01/2019
5;11/01/2019
5;15/01/2019
5;16/01/2019
5;11/01/2019
5;11/01/2019
5;15/01/2019
5;16/01/2019
5;11/01/2019
5;11/01/2019
5;15/01/2019
5;16/01/2019
5;11/01/2019
5;11/01/2019
5;15/01/2019
5;16/01/2019
5;11/01/2019
5;11/01/2019
5;15/01/2019
5;16/01/2019
6;13/01/2019
6;13/01/2019
6;15/01/2019
6;16/01/2019
6;16/01/2019
6;22/01/2019
6;23/01/2019
6;24/01/2019
6;25/01/2019
6;27/01/2019
6;13/01/2019
6;13/01/2019
6;15/01/2019
6;16/01/2019
6;16/01/2019
6;22/01/2019
6;23/01/2019
6;24/01/2019
6;25/01/2019
6;27/01/2019
6;13/01/2019
6;13/01/2019
6;15/01/2019
6;16/01/2019
6;16/01/2019
6;22/01/2019
6;23/01/2019
6;24/01/2019
6;25/01/2019
6;27/01/2019
6;13/01/2019
6;13/01/2019
6;15/01/2019
6;16/01/2019
6;16/01/2019
6;22/01/2019
6;23/01/2019
6;24/01/2019
6;25/01/2019
6;27/01/2019
6;13/01/2019
6;13/01/2019
6;15/01/2019
6;16/01/2019
6;16/01/2019
6;22/01/2019
6;23/01/2019
6;24/01/2019
6;25/01/2019
6;27/01/2019
6;13/01/2019
6;13/01/2019
6;15/01/2019
6;16/01/2019
6;16/01/2019
6;22/01/2019
6;23/01/2019
6;24/01/2019
6;25/01/2019
6;27/01/2019
7;01/01/2019
7;02/01/2019
7;03/01/2019
7;07/01/2019
7;13/01/2019
7;16/01/2019
7;16/01/2019
7;19/01/2019
7;20/01/2019
7;21/01/2019
7;21/01/2019
7;23/01/2019
7;23/01/2019
7;26/01/2019
7;28/01/2019
7;30/01/2019
7;01/01/2019
7;02/01/2019
7;03/01/2019
7;07/01/2019
7;13/01/2019
7;16/01/2019
7;16/01/2019
7;19/01/2019
7;20/01/2019
7;21/01/2019
7;21/01/2019
7;23/01/2019
7;23/01/2019
7;26/01/2019
7;28/01/2019
7;30/01/2019
7;01/01/2019
7;02/01/2019
7;03/01/2019
7;07/01/2019
7;13/01/2019
7;16/01/2019
7;16/01/2019
7;19/01/2019
7;20/01/2019
7;21/01/2019
7;21/01/2019
7;23/01/2019
7;23/01/2019
7;26/01/2019
7;28/01/2019
7;30/01/2019
7;01/01/2019
7;02/01/2019
7;03/01/2019
7;07/01/2019
7;13/01/2019
7;16/01/2019
7;16/01/2019
7;19/01/2019
7;20/01/2019
7;21/01/2019
7;21/01/2019
7;23/01/2019
7;23/01/2019
7;26/01/2019
7;28/01/2019
7;30/01/2019
7;01/01/2019
7;02/01/2019
7;03/01/2019
7;07/01/2019
7;13/01/2019
7;16/01/2019
7;16/01/2019
7;19/01/2019
7;20/01/2019
7;21/01/2019
7;21/01/2019
7;23/01/2019
7;23/01/2019
7;26/01/2019
7;28/01/2019
7;30/01/2019
7;01/01/2019
7;02/01/2019
7;03/01/2019
7;07/01/2019
7;13/01/2019
7;16/01/2019
7;16/01/2019
7;19/01/2019
7;20/01/2019
7;21/01/2019
7;21/01/2019
7;23/01/2019
7;23/01/2019
7;26/01/2019
7;28/01/2019
7;30/01/2019
8;09/01/2019
8;10/01/2019
8;11/01/2019
8;12/01/2019
8;15/01/2019
8;19/01/2019
8;23/01/2019
8;24/01/2019
8;27/01/2019
8;28/01/2019
8;09/01/2019
8;10/01/2019
8;11/01/2019
8;12/01/2019
8;15/01/2019
8;19/01/2019
8;23/01/2019
8;24/01/2019
8;27/01/2019
8;28/01/2019
8;09/01/2019
8;10/01/2019
8;11/01/2019
8;12/01/2019
8;15/01/2019
8;19/01/2019
8;23/01/2019
8;24/01/2019
8;27/01/2019
8;28/01/2019
8;09/01/2019
8;10/01/2019
8;11/01/2019
8;12/01/2019
8;15/01/2019
8;19/01/2019
8;23/01/2019
8;24/01/2019
8;27/01/2019
8;28/01/2019
8;09/01/2019
8;10/01/2019
8;11/01/2019
8;12/01/2019
8;15/01/2019
8;19/01/2019
8;23/01/2019
8;24/01/2019
8;27/01/2019
8;28/01/2019
8;09/01/2019
8;10/01/2019
8;11/01/2019
8;12/01/2019
8;15/01/2019
8;19/01/2019
8;23/01/2019
8;24/01/2019
8;27/01/2019
8;28/01/2019
1;15/01/2019
1;22/01/2019
1;24/01/2019
1;15/01/2019
1;24/01/2019
2;02/01/2019
2;09/01/2019
2;12/01/2019
2;12/01/2019
2;12/01/2019
2;12/01/2019
3;01/01/2019
3;01/01/2019
3;03/01/2019
3;05/01/2019
3;07/01/2019
3;10/01/2019
3;10/01/2019
3;01/01/2019
3;01/01/2019
3;03/01/2019
3;05/01/2019
3;07/01/2019
3;10/01/2019
3;10/01/2019
3;01/01/2019
3;01/01/2019
3;03/01/2019
3;05/01/2019
3;07/01/2019
3;10/01/2019
3;10/01/2019
4;17/01/2019
4;18/01/2019
4;19/01/2019
4;20/01/2019
4;20/01/2019
4;22/01/2019
4;24/01/2019
4;27/01/2019
4;17/01/2019
4;18/01/2019
4;19/01/2019
4;20/01/2019
4;20/01/2019
4;22/01/2019
4;24/01/2019
4;27/01/2019
4;17/01/2019
4;18/01/2019
4;19/01/2019
4;20/01/2019
4;20/01/2019
4;22/01/2019
4;24/01/2019
4;27/01/2019
4;17/01/2019
4;18/01/2019
4;19/01/2019
4;20/01/2019
4;20/01/2019
4;22/01/2019
4;24/01/2019
4;27/01/2019
4;17/01/2019
4;18/01/2019
4;19/01/2019
4;20/01/2019
4;20/01/2019
4;22/01/2019
4;24/01/2019
4;27/01/2019
4;17/01/2019
4;18/01/2019
4;19/01/2019
4;20/01/2019
4;20/01/2019
4;22/01/2019
4;24/01/2019
4;27/01/2019
5;11/01/2019
5;11/01/2019
5;15/01/2019
5;16/01/2019
5;11/01/2019
5;11/01/2019
5;15/01/2019
5;16/01/2019
5;11/01/2019
5;11/01/2019
5;15/01/2019
5;16/01/2019
5;11/01/2019
5;11/01/2019
5;15/01/2019
5;16/01/2019
5;11/01/2019
5;11/01/2019
5;15/01/2019
5;16/01/2019
5;11/01/2019
5;11/01/2019
5;15/01/2019
5;16/01/2019
6;13/01/2019
6;13/01/2019
6;15/01/2019
6;16/01/2019
6;16/01/2019
6;22/01/2019
6;23/01/2019
6;24/01/2019
6;25/01/2019
6;27/01/2019
6;13/01/2019
6;13/01/2019
6;15/01/2019
6;16/01/2019
6;16/01/2019
6;22/01/2019
6;23/01/2019
6;24/01/2019
6;25/01/2019
6;27/01/2019
6;13/01/2019
6;13/01/2019
6;15/01/2019
6;16/01/2019
6;16/01/2019
6;22/01/2019
6;23/01/2019
6;24/01/2019
6;25/01/2019
6;27/01/2019
6;13/01/2019
6;13/01/2019
6;15/01/2019
6;16/01/2019
6;16/01/2019
6;22/01/2019
6;23/01/2019
6;24/01/2019
6;25/01/2019
6;27/01/2019
6;13/01/2019
6;13/01/2019
6;15/01/2019
6;16/01/2019
6;16/01/2019
6;22/01/2019
6;23/01/2019
6;24/01/2019
6;25/01/2019
6;27/01/2019
6;13/01/2019
6;13/01/2019
6;15/01/2019
6;16/01/2019
6;16/01/2019
6;22/01/2019
6;23/01/2019
6;24/01/2019
6;25/01/2019
6;27/01/2019
7;01/01/2019
7;02/01/2019
7;03/01/2019
7;07/01/2019
7;13/01/2019
7;16/01/2019
7;16/01/2019
7;19/01/2019
7;20/01/2019
7;21/01/2019
7;21/01/2019
7;23/01/2019
7;23/01/2019
7;26/01/2019
7;28/01/2019
7;30/01/2019
7;01/01/2019
7;02/01/2019
7;03/01/2019
7;07/01/2019
7;13/01/2019
7;16/01/2019
7;16/01/2019
7;19/01/2019
7;20/01/2019
7;21/01/2019
7;21/01/2019
7;23/01/2019
7;23/01/2019
7;26/01/2019
7;28/01/2019
7;30/01/2019
7;01/01/2019
7;02/01/2019
7;03/01/2019
7;07/01/2019
7;13/01/2019
7;16/01/2019
7;16/01/2019
7;19/01/2019
7;20/01/2019
7;21/01/2019
7;21/01/2019
7;23/01/2019
7;23/01/2019
7;26/01/2019
7;28/01/2019
7;30/01/2019
7;01/01/2019
7;02/01/2019
7;03/01/2019
7;07/01/2019
7;13/01/2019
7;16/01/2019
7;16/01/2019
7;19/01/2019
7;20/01/2019
7;21/01/2019
7;21/01/2019
7;23/01/2019
7;23/01/2019
7;26/01/2019
7;28/01/2019
7;30/01/2019
7;01/01/2019
7;02/01/2019
7;03/01/2019
7;07/01/2019
7;13/01/2019
7;16/01/2019
7;16/01/2019
7;19/01/2019
7;20/01/2019
7;21/01/2019
7;21/01/2019
7;23/01/2019
7;23/01/2019
7;26/01/2019
7;28/01/2019
7;30/01/2019
7;01/01/2019
7;02/01/2019
7;03/01/2019
7;07/01/2019
7;13/01/2019
7;16/01/2019
7;16/01/2019
7;19/01/2019
7;20/01/2019
7;21/01/2019
7;21/01/2019
7;23/01/2019
7;23/01/2019
7;26/01/2019
7;28/01/2019
7;30/01/2019
8;09/01/2019
8;10/01/2019
8;11/01/2019
8;12/01/2019
8;15/01/2019
8;19/01/2019
8;23/01/2019
8;24/01/2019
8;27/01/2019
8;28/01/2019
8;09/01/2019
8;10/01/2019
8;11/01/2019
8;12/01/2019
8;15/01/2019
8;19/01/2019
8;23/01/2019
8;24/01/2019
8;27/01/2019
8;28/01/2019
8;09/01/2019
8;10/01/2019
8;11/01/2019
8;12/01/2019
8;15/01/2019
8;19/01/2019
8;23/01/2019
8;24/01/2019
8;27/01/2019
8;28/01/2019
8;09/01/2019
8;10/01/2019
8;11/01/2019
8;12/01/2019
8;15/01/2019
8;19/01/2019
8;23/01/2019
8;24/01/2019
8;27/01/2019
8;28/01/2019
8;09/01/2019
8;10/01/2019
8;11/01/2019
8;12/01/2019
8;15/01/2019
8;19/01/2019
8;23/01/2019
8;24/01/2019
8;27/01/2019
8;28/01/2019
8;09/01/2019
8;10/01/2019
8;11/01/2019
8;12/01/2019
8;15/01/2019
8;19/01/2019
8;23/01/2019
8;24/01/2019
8;27/01/2019
8;28/01/2019
1;15/01/2019
1;22/01/2019
1;24/01/2019
1;15/01/2019
1;24/01/2019
2;02/01/2019
2;09/01/2019
2;12/01/2019
2;12/01/2019
2;12/01/2019
2;12/01/2019
3;01/01/2019
3;01/01/2019
3;03/01/2019
3;05/01/2019
3;07/01/2019
3;10/01/2019
3;10/01/2019
3;01/01/2019
3;01/01/2019
3;03/01/2019
3;05/01/2019
3;07/01/2019
3;10/01/2019
3;10/01/2019
3;01/01/2019
3;01/01/2019
3;03/01/2019
3;05/01/2019
3;07/01/2019
3;10/01/2019
3;10/01/2019
4;17/01/2019
4;18/01/2019
4;19/01/2019
4;20/01/2019
4;20/01/2019
4;22/01/2019
4;24/01/2019
4;27/01/2019
4;17/01/2019
4;18/01/2019
4;19/01/2019
4;20/01/2019
4;20/01/2019
4;22/01/2019
4;24/01/2019
4;27/01/2019
4;17/01/2019
4;18/01/2019
4;19/01/2019
4;20/01/2019
4;20/01/2019
4;22/01/2019
4;24/01/2019
4;27/01/2019
4;17/01/2019
4;18/01/2019
4;19/01/2019
4;20/01/2019
4;20/01/2019
4;22/01/2019
4;24/01/2019
4;27/01/2019
4;17/01/2019
4;18/01/2019
4;19/01/2019
4;20/01/2019
4;20/01/2019
4;22/01/2019
4;24/01/2019
4;27/01/2019
4;17/01/2019
4;18/01/2019
4;19/01/2019
4;20/01/2019
4;20/01/2019
4;22/01/2019
4;24/01/2019
4;27/01/2019
5;11/01/2019
5;11/01/2019
5;15/01/2019
5;16/01/2019
5;11/01/2019
5;11/01/2019
5;15/01/2019
5;16/01/2019
5;11/01/2019
5;11/01/2019
5;15/01/2019
5;16/01/2019
5;11/01/2019
5;11/01/2019
5;15/01/2019
5;16/01/2019
5;11/01/2019
5;11/01/2019
5;15/01/2019
5;16/01/2019
5;11/01/2019
5;11/01/2019
5;15/01/2019
5;16/01/2019
6;13/01/2019
6;13/01/2019
6;15/01/2019
6;16/01/2019
6;16/01/2019
6;22/01/2019
6;23/01/2019
6;24/01/2019
6;25/01/2019
6;27/01/2019
6;13/01/2019
6;13/01/2019
6;15/01/2019
6;16/01/2019
6;16/01/2019
6;22/01/2019
6;23/01/2019
6;24/01/2019
6;25/01/2019
6;27/01/2019
6;13/01/2019
6;13/01/2019
6;15/01/2019
6;16/01/2019
6;16/01/2019
6;22/01/2019
6;23/01/2019
6;24/01/2019
6;25/01/2019
6;27/01/2019
6;13/01/2019
6;13/01/2019
6;15/01/2019
6;16/01/2019
6;16/01/2019
6;22/01/2019
6;23/01/2019
6;24/01/2019
6;25/01/2019
6;27/01/2019
6;13/01/2019
6;13/01/2019
6;15/01/2019
6;16/01/2019
6;16/01/2019
6;22/01/2019
6;23/01/2019
6;24/01/2019
6;25/01/2019
6;27/01/2019
6;13/01/2019
6;13/01/2019
6;15/01/2019
6;16/01/2019
6;16/01/2019
6;22/01/2019
6;23/01/2019
6;24/01/2019
6;25/01/2019
6;27/01/2019
7;01/01/2019
7;02/01/2019
7;03/01/2019
7;07/01/2019
7;13/01/2019
7;16/01/2019
7;16/01/2019
7;19/01/2019
7;20/01/2019
7;21/01/2019
7;21/01/2019
7;23/01/2019
7;23/01/2019
7;26/01/2019
7;28/01/2019
7;30/01/2019
7;01/01/2019
7;02/01/2019
7;03/01/2019
7;07/01/2019
7;13/01/2019
7;16/01/2019
7;16/01/2019
7;19/01/2019
7;20/01/2019
7;21/01/2019
7;21/01/2019
7;23/01/2019
7;23/01/2019
7;26/01/2019
7;28/01/2019
7;30/01/2019
7;01/01/2019
7;02/01/2019
7;03/01/2019
7;07/01/2019
7;13/01/2019
7;16/01/2019
7;16/01/2019
7;19/01/2019
7;20/01/2019
7;21/01/2019
7;21/01/2019
7;23/01/2019
7;23/01/2019
7;26/01/2019
7;28/01/2019
7;30/01/2019
7;01/01/2019
7;02/01/2019
7;03/01/2019
7;07/01/2019
7;13/01/2019
7;16/01/2019
7;16/01/2019
7;19/01/2019
7;20/01/2019
7;21/01/2019
7;21/01/2019
7;23/01/2019
7;23/01/2019
7;26/01/2019
7;28/01/2019
7;30/01/2019
7;01/01/2019
7;02/01/2019
7;03/01/2019
7;07/01/2019
7;13/01/2019
7;16/01/2019
7;16/01/2019
7;19/01/2019
7;20/01/2019
7;21/01/2019
7;21/01/2019
7;23/01/2019
7;23/01/2019
7;26/01/2019
7;28/01/2019
7;30/01/2019
7;01/01/2019
7;02/01/2019
7;03/01/2019
7;07/01/2019
7;13/01/2019
7;16/01/2019
7;16/01/2019
7;19/01/2019
7;20/01/2019
7;21/01/2019
7;21/01/2019
7;23/01/2019
7;23/01/2019
7;26/01/2019
7;28/01/2019
7;30/01/2019
8;09/01/2019
8;10/01/2019
8;11/01/2019
8;12/01/2019
8;15/01/2019
8;19/01/2019
8;23/01/2019
8;24/01/2019
8;27/01/2019
8;28/01/2019
8;09/01/2019
8;10/01/2019
8;11/01/2019
8;12/01/2019
8;15/01/2019
8;19/01/2019
8;23/01/2019
8;24/01/2019
8;27/01/2019
8;28/01/2019
8;09/01/2019
8;10/01/2019
8;11/01/2019
8;12/01/2019
8;15/01/2019
8;19/01/2019
8;23/01/2019
8;24/01/2019
8;27/01/2019
8;28/01/2019
8;09/01/2019
8;10/01/2019
8;11/01/2019
8;12/01/2019
8;15/01/2019
8;19/01/2019
8;23/01/2019
8;24/01/2019
8;27/01/2019
8;28/01/2019
8;09/01/2019
8;10/01/2019
8;11/01/2019
8;12/01/2019
8;15/01/2019
8;19/01/2019
8;23/01/2019
8;24/01/2019
8;27/01/2019
8;28/01/2019
8;09/01/2019
8;10/01/2019
8;11/01/2019
8;12/01/2019
8;15/01/2019
8;19/01/2019
8;23/01/2019
8;24/01/2019
8;27/01/2019
8;28/01/2019
8;28/01/2019
1;22/01/2019
1;24/01/2019
1;15/01/2019
1;24/01/2019
2;02/01/2019
2;09/01/2019
2;12/01/2019
2;12/01/2019
2;12/01/2019
2;12/01/2019
3;01/01/2019
3;01/01/2019
3;03/01/2019
3;05/01/2019
3;07/01/2019
3;10/01/2019
3;10/01/2019
3;01/01/2019
3;01/01/2019
3;03/01/2019
3;05/01/2019
3;07/01/2019
3;10/01/2019
3;10/01/2019
3;01/01/2019
3;01/01/2019
3;03/01/2019
3;05/01/2019
3;07/01/2019
3;10/01/2019
3;10/01/2019
4;17/01/2019
4;18/01/2019
4;19/01/2019
4;20/01/2019
4;20/01/2019
4;22/01/2019
4;24/01/2019
4;27/01/2019
4;17/01/2019
4;18/01/2019
4;19/01/2019
4;20/01/2019
4;20/01/2019
4;22/01/2019
4;24/01/2019
4;27/01/2019
4;17/01/2019
4;18/01/2019
4;19/01/2019
4;20/01/2019
4;20/01/2019
4;22/01/2019
4;24/01/2019
4;27/01/2019
4;17/01/2019
4;18/01/2019
4;19/01/2019
4;20/01/2019
4;20/01/2019
4;22/01/2019
4;24/01/2019
4;27/01/2019
4;17/01/2019
4;18/01/2019
4;19/01/2019
4;20/01/2019
4;20/01/2019
4;22/01/2019
4;24/01/2019
4;27/01/2019
4;17/01/2019
4;18/01/2019
4;19/01/2019
4;20/01/2019
4;20/01/2019
4;22/01/2019
4;24/01/2019
4;27/01/2019
5;11/01/2019
5;11/01/2019
5;15/01/2019
5;16/01/2019
5;11/01/2019
5;11/01/2019
5;15/01/2019
5;16/01/2019
5;11/01/2019
5;11/01/2019
5;15/01/2019
5;16/01/2019
5;11/01/2019
5;11/01/2019
5;15/01/2019
5;16/01/2019
5;11/01/2019
5;11/01/2019
5;15/01/2019
5;16/01/2019
5;11/01/2019
5;11/01/2019
5;15/01/2019
5;16/01/2019
6;13/01/2019
6;13/01/2019
6;15/01/2019
6;16/01/2019
6;16/01/2019
6;22/01/2019
6;23/01/2019
6;24/01/2019
6;25/01/2019
6;27/01/2019
6;13/01/2019
6;13/01/2019
6;15/01/2019
6;16/01/2019
6;16/01/2019
6;22/01/2019
6;23/01/2019
6;24/01/2019
6;25/01/2019
6;27/01/2019
6;13/01/2019
6;13/01/2019
6;15/01/2019
6;16/01/2019
6;16/01/2019
6;22/01/2019
6;23/01/2019
6;24/01/2019
6;25/01/2019
6;27/01/2019
6;13/01/2019
6;13/01/2019
6;15/01/2019
6;16/01/2019
6;16/01/2019
6;22/01/2019
6;23/01/2019
6;24/01/2019
6;25/01/2019
6;27/01/2019
6;13/01/2019
6;13/01/2019
6;15/01/2019
6;16/01/2019
6;16/01/2019
6;22/01/2019
6;23/01/2019
6;24/01/2019
6;25/01/2019
6;27/01/2019
6;13/01/2019
6;13/01/2019
6;15/01/2019
6;16/01/2019
6;16/01/2019
6;22/01/2019
6;23/01/2019
6;24/01/2019
6;25/01/2019
6;27/01/2019
7;01/01/2019
7;02/01/2019
7;03/01/2019
7;07/01/2019
7;13/01/2019
7;16/01/2019
7;16/01/2019
7;19/01/2019
7;20/01/2019
7;21/01/2019
7;21/01/2019
7;23/01/2019
7;23/01/2019
7;26/01/2019
7;28/01/2019
7;30/01/2019
7;01/01/2019
7;02/01/2019
7;03/01/2019
7;07/01/2019
7;13/01/2019
7;16/01/2019
7;16/01/2019
7;19/01/2019
7;20/01/2019
7;21/01/2019
7;21/01/2019
7;23/01/2019
7;23/01/2019
7;26/01/2019
7;28/01/2019
7;30/01/2019
7;01/01/2019
7;02/01/2019
7;03/01/2019
7;07/01/2019
7;13/01/2019
7;16/01/2019
7;16/01/2019
7;19/01/2019
7;20/01/2019
7;21/01/2019
7;21/01/2019
7;23/01/2019
7;23/01/2019
7;26/01/2019
7;28/01/2019
7;30/01/2019
7;01/01/2019
7;02/01/2019
7;03/01/2019
7;07/01/2019
7;13/01/2019
7;16/01/2019
7;16/01/2019
7;19/01/2019
7;20/01/2019
7;21/01/2019
7;21/01/2019
7;23/01/2019
7;23/01/2019
7;26/01/2019
7;28/01/2019
7;30/01/2019
7;01/01/2019
7;02/01/2019
7;03/01/2019
7;07/01/2019
7;13/01/2019
7;16/01/2019
7;16/01/2019
7;19/01/2019
7;20/01/2019
7;21/01/2019
7;21/01/2019
7;23/01/2019
7;23/01/2019
7;26/01/2019
7;28/01/2019
7;30/01/2019
7;01/01/2019
7;02/01/2019
7;03/01/2019
7;07/01/2019
7;13/01/2019
7;16/01/2019
7;16/01/2019
7;19/01/2019
7;20/01/2019
7;21/01/2019
7;21/01/2019
7;23/01/2019
7;23/01/2019
7;26/01/2019
7;28/01/2019
7;30/01/2019
8;09/01/2019
8;10/01/2019
8;11/01/2019
8;12/01/2019
8;15/01/2019
8;19/01/2019
8;23/01/2019
8;24/01/2019
8;27/01/2019
8;28/01/2019
8;09/01/2019
8;10/01/2019
8;11/01/2019
8;12/01/2019
8;15/01/2019
8;19/01/2019
8;23/01/2019
8;24/01/2019
8;27/01/2019
8;28/01/2019
8;09/01/2019
8;10/01/2019
8;11/01/2019
8;12/01/2019
8;15/01/2019
8;19/01/2019
8;23/01/2019
8;24/01/2019
8;27/01/2019
8;28/01/2019
8;09/01/2019
8;10/01/2019
8;11/01/2019
8;12/01/2019
8;15/01/2019
8;19/01/2019
8;23/01/2019
8;24/01/2019
8;27/01/2019
8;28/01/2019
8;09/01/2019
8;10/01/2019
8;11/01/2019
8;12/01/2019
8;15/01/2019
8;19/01/2019
8;23/01/2019
8;24/01/2019
8;27/01/2019
8;28/01/2019
8;09/01/2019
8;10/01/2019
8;11/01/2019
8;12/01/2019
8;15/01/2019
8;19/01/2019
8;23/01/2019
8;24/01/2019
8;27/01/2019
8;28/01/2019
1;15/01/2019
1;22/01/2019
1;24/01/2019
1;15/01/2019
1;24/01/2019
2;02/01/2019
2;09/01/2019
2;12/01/2019
2;12/01/2019
2;12/01/2019
2;12/01/2019
3;01/01/2019
3;01/01/2019
3;03/01/2019
3;05/01/2019
3;07/01/2019
3;10/01/2019
3;10/01/2019
3;01/01/2019
3;01/01/2019
3;03/01/2019
3;05/01/2019
3;07/01/2019
3;10/01/2019
3;10/01/2019
3;01/01/2019
3;01/01/2019
3;03/01/2019
3;05/01/2019
3;07/01/2019
3;10/01/2019
3;10/01/2019
4;17/01/2019
4;18/01/2019
4;19/01/2019
4;20/01/2019
4;20/01/2019
4;22/01/2019
4;24/01/2019
4;27/01/2019
4;17/01/2019
4;18/01/2019
4;19/01/2019
4;20/01/2019
4;20/01/2019
4;22/01/2019
4;24/01/2019
4;27/01/2019
4;17/01/2019
4;18/01/2019
4;19/01/2019
4;20/01/2019
4;20/01/2019
4;22/01/2019
4;24/01/2019
4;27/01/2019
4;17/01/2019
4;18/01/2019
4;19/01/2019
4;20/01/2019
4;20/01/2019
4;22/01/2019
4;24/01/2019
4;27/01/2019
4;17/01/2019
4;18/01/2019
4;19/01/2019
4;20/01/2019
4;20/01/2019
4;22/01/2019
4;24/01/2019
4;27/01/2019
4;17/01/2019
4;18/01/2019
4;19/01/2019
4;20/01/2019
4;20/01/2019
4;22/01/2019
4;24/01/2019
4;27/01/2019
5;11/01/2019
5;11/01/2019
5;15/01/2019
5;16/01/2019
5;11/01/2019
5;11/01/2019
5;15/01/2019
5;16/01/2019
5;11/01/2019
5;11/01/2019
5;15/01/2019
5;16/01/2019
5;11/01/2019
5;11/01/2019
5;15/01/2019
5;16/01/2019
5;11/01/2019
5;11/01/2019
5;15/01/2019
5;16/01/2019
5;11/01/2019
5;11/01/2019
5;15/01/2019
5;16/01/2019
6;13/01/2019
6;13/01/2019
6;15/01/2019
6;16/01/2019
6;16/01/2019
6;22/01/2019
6;23/01/2019
6;24/01/2019
6;25/01/2019
6;27/01/2019
6;13/01/2019
6;13/01/2019
6;15/01/2019
6;16/01/2019
6;16/01/2019
6;22/01/2019
6;23/01/2019
6;24/01/2019
6;25/01/2019
6;27/01/2019
6;13/01/2019
6;13/01/2019
6;15/01/2019
6;16/01/2019
6;16/01/2019
6;22/01/2019
6;23/01/2019
6;24/01/2019
6;25/01/2019
6;27/01/2019
6;13/01/2019
6;13/01/2019
6;15/01/2019
6;16/01/2019
6;16/01/2019
6;22/01/2019
6;23/01/2019
6;24/01/2019
6;25/01/2019
6;27/01/2019
6;13/01/2019
6;13/01/2019
6;15/01/2019
6;16/01/2019
6;16/01/2019
6;22/01/2019
6;23/01/2019
6;24/01/2019
6;25/01/2019
6;27/01/2019
6;13/01/2019
6;13/01/2019
6;15/01/2019
6;16/01/2019
6;16/01/2019
6;22/01/2019
6;23/01/2019
6;24/01/2019
6;25/01/2019
6;27/01/2019
7;01/01/2019
7;02/01/2019
7;03/01/2019
7;07/01/2019
7;13/01/2019
7;16/01/2019
7;16/01/2019
7;19/01/2019
7;20/01/2019
7;21/01/2019
7;21/01/2019
7;23/01/2019
7;23/01/2019
7;26/01/2019
7;28/01/2019
7;30/01/2019
7;01/01/2019
7;02/01/2019
7;03/01/2019
7;07/01/2019
7;13/01/2019
7;16/01/2019
7;16/01/2019
7;19/01/2019
7;20/01/2019
7;21/01/2019
7;21/01/2019
7;23/01/2019
7;23/01/2019
7;26/01/2019
7;28/01/2019
7;30/01/2019
7;01/01/2019
7;02/01/2019
7;03/01/2019
7;07/01/2019
7;13/01/2019
7;16/01/2019
7;16/01/2019
7;19/01/2019
7;20/01/2019
7;21/01/2019
7;21/01/2019
7;23/01/2019
7;23/01/2019
7;26/01/2019
7;28/01/2019
7;30/01/2019
7;01/01/2019
7;02/01/2019
7;03/01/2019
7;07/01/2019
7;13/01/2019
7;16/01/2019
7;16/01/2019
7;19/01/2019
7;20/01/2019
7;21/01/2019
7;21/01/2019
7;23/01/2019
7;23/01/2019
7;26/01/2019
7;28/01/2019
7;30/01/2019
7;01/01/2019
7;02/01/2019
7;03/01/2019
7;07/01/2019
7;13/01/2019
7;16/01/2019
7;16/01/2019
7;19/01/2019
7;20/01/2019
7;21/01/2019
7;21/01/2019
7;23/01/2019
7;23/01/2019
7;26/01/2019
7;28/01/2019
7;30/01/2019
7;01/01/2019
7;02/01/2019
7;03/01/2019
7;07/01/2019
7;13/01/2019
7;16/01/2019
7;16/01/2019
7;19/01/2019
7;20/01/2019
7;21/01/2019
7;21/01/2019
7;23/01/2019
7;23/01/2019
7;26/01/2019
7;28/01/2019
7;30/01/2019
8;09/01/2019
8;10/01/2019
8;11/01/2019
8;12/01/2019
8;15/01/2019
8;19/01/2019
8;23/01/2019
8;24/01/2019
8;27/01/2019
8;28/01/2019
8;09/01/2019
8;10/01/2019
8;11/01/2019
8;12/01/2019
8;15/01/2019
8;19/01/2019
8;23/01/2019
8;24/01/2019
8;27/01/2019
8;28/01/2019
8;09/01/2019
8;10/01/2019
8;11/01/2019
8;12/01/2019
8;15/01/2019
8;19/01/2019
8;23/01/2019
8;24/01/2019
8;27/01/2019
8;28/01/2019
8;09/01/2019
8;10/01/2019
8;11/01/2019
8;12/01/2019
8;15/01/2019
8;19/01/2019
8;23/01/2019
8;24/01/2019
8;27/01/2019
8;28/01/2019
8;09/01/2019
8;10/01/2019
8;11/01/2019
8;12/01/2019
8;15/01/2019
8;19/01/2019
8;23/01/2019
8;24/01/2019
8;27/01/2019
8;28/01/2019
8;09/01/2019
8;10/01/2019
8;11/01/2019
8;12/01/2019
8;15/01/2019
8;19/01/2019
8;23/01/2019
8;24/01/2019
8;27/01/2019
8;28/01/2019
1;15/01/2019
1;22/01/2019
1;24/01/2019
1;15/01/2019
1;24/01/2019
2;02/01/2019
2;09/01/2019
2;12/01/2019
2;12/01/2019
2;12/01/2019
2;12/01/2019
3;01/01/2019
3;01/01/2019
3;03/01/2019
3;05/01/2019
3;07/01/2019
3;10/01/2019
3;10/01/2019
3;01/01/2019
3;01/01/2019
3;03/01/2019
3;05/01/2019
3;07/01/2019
3;10/01/2019
3;10/01/2019
3;01/01/2019
3;01/01/2019
3;03/01/2019
3;05/01/2019
3;07/01/2019
3;10/01/2019
3;10/01/2019
4;17/01/2019
4;18/01/2019
4;19/01/2019
4;20/01/2019
4;20/01/2019
4;22/01/2019
4;24/01/2019
4;27/01/2019
4;17/01/2019
4;18/01/2019
4;19/01/2019
4;20/01/2019
4;20/01/2019
4;22/01/2019
4;24/01/2019
4;27/01/2019
4;17/01/2019
4;18/01/2019
4;19/01/2019
4;20/01/2019
4;20/01/2019
4;22/01/2019
4;24/01/2019
4;27/01/2019
4;17/01/2019
4;18/01/2019
4;19/01/2019
4;20/01/2019
4;20/01/2019
4;22/01/2019
4;24/01/2019
4;27/01/2019
4;17/01/2019
4;18/01/2019
4;19/01/2019
4;20/01/2019
4;20/01/2019
4;22/01/2019
4;24/01/2019
4;27/01/2019
4;17/01/2019
4;18/01/2019
4;19/01/2019
4;20/01/2019
4;20/01/2019
4;22/01/2019
4;24/01/2019
4;27/01/2019
5;11/01/2019
5;11/01/2019
5;15/01/2019
5;16/01/2019
5;11/01/2019
5;11/01/2019
5;15/01/2019
5;16/01/2019
5;11/01/2019
5;11/01/2019
5;15/01/2019
5;16/01/2019
5;11/01/2019
5;11/01/2019
5;15/01/2019
5;16/01/2019
5;11/01/2019
5;11/01/2019
5;15/01/2019
5;16/01/2019
5;11/01/2019
5;11/01/2019
5;15/01/2019
5;16/01/2019
6;13/01/2019
6;13/01/2019
6;15/01/2019
6;16/01/2019
6;16/01/2019
6;22/01/2019
6;23/01/2019
6;24/01/2019
6;25/01/2019
6;27/01/2019
6;13/01/2019
6;13/01/2019
6;15/01/2019
6;16/01/2019
6;16/01/2019
6;22/01/2019
6;23/01/2019
6;24/01/2019
6;25/01/2019
6;27/01/2019
6;13/01/2019
6;13/01/2019
6;15/01/2019
6;16/01/2019
6;16/01/2019
6;22/01/2019
6;23/01/2019
6;24/01/2019
6;25/01/2019
6;27/01/2019
6;13/01/2019
6;13/01/2019
6;15/01/2019
6;16/01/2019
6;16/01/2019
6;22/01/2019
6;23/01/2019
6;24/01/2019
6;25/01/2019
6;27/01/2019
6;13/01/2019
6;13/01/2019
6;15/01/2019
6;16/01/2019
6;16/01/2019
6;22/01/2019
6;23/01/2019
6;24/01/2019
6;25/01/2019
6;27/01/2019
6;13/01/2019
6;13/01/2019
6;15/01/2019
6;16/01/2019
6;16/01/2019
6;22/01/2019
6;23/01/2019
6;24/01/2019
6;25/01/2019
6;27/01/2019
7;01/01/2019
7;02/01/2019
7;03/01/2019
7;07/01/2019
7;13/01/2019
7;16/01/2019
7;16/01/2019
7;19/01/2019
7;20/01/2019
7;21/01/2019
7;21/01/2019
7;23/01/2019
7;23/01/2019
7;26/01/2019
7;28/01/2019
7;30/01/2019
7;01/01/2019
7;02/01/2019
7;03/01/2019
7;07/01/2019
7;13/01/2019
7;16/01/2019
7;16/01/2019
7;19/01/2019
7;20/01/2019
7;21/01/2019
7;21/01/2019
7;23/01/2019
7;23/01/2019
7;26/01/2019
7;28/01/2019
7;30/01/2019
7;01/01/2019
7;02/01/2019
7;03/01/2019
7;07/01/2019
7;13/01/2019
7;16/01/2019
7;16/01/2019
7;19/01/2019
7;20/01/2019
7;21/01/2019
7;21/01/2019
7;23/01/2019
7;23/01/2019
7;26/01/2019
7;28/01/2019
7;30/01/2019
7;01/01/2019
7;02/01/2019
7;03/01/2019
7;07/01/2019
7;13/01/2019
7;16/01/2019
7;16/01/2019
7;19/01/2019
7;20/01/2019
7;21/01/2019
7;21/01/2019
7;23/01/2019
7;23/01/2019
7;26/01/2019
7;28/01/2019
7;30/01/2019
7;01/01/2019
7;02/01/2019
7;03/01/2019
7;07/01/2019
7;13/01/2019
7;16/01/2019
7;16/01/2019
7;19/01/2019
7;20/01/2019
7;21/01/2019
7;21/01/2019
7;23/01/2019
7;23/01/2019
7;26/01/2019
7;28/01/2019
7;30/01/2019
7;01/01/2019
7;02/01/2019
7;03/01/2019
7;07/01/2019
7;13/01/2019
7;16/01/2019
7;16/01/2019
7;19/01/2019
7;20/01/2019
7;21/01/2019
7;21/01/2019
7;23/01/2019
7;23/01/2019
7;26/01/2019
7;28/01/2019
7;30/01/2019
8;09/01/2019
8;10/01/2019
8;11/01/2019
8;12/01/2019
8;15/01/2019
8;19/01/2019
8;23/01/2019
8;24/01/2019
8;27/01/2019
8;28/01/2019
8;09/01/2019
8;10/01/2019
8;11/01/2019
8;12/01/2019
8;15/01/2019
8;19/01/2019
8;23/01/2019
8;24/01/2019
8;27/01/2019
8;28/01/2019
8;09/01/2019
8;10/01/2019
8;11/01/2019
8;12/01/2019
8;15/01/2019
8;19/01/2019
8;23/01/2019
8;24/01/2019
8;27/01/2019
8;28/01/2019
8;09/01/2019
8;10/01/2019
8;11/01/2019
8;12/01/2019
8;15/01/2019
8;19/01/2019
8;23/01/2019
8;24/01/2019
8;27/01/2019
8;28/01/2019
8;09/01/2019
8;10/01/2019
8;11/01/2019
8;12/01/2019
8;15/01/2019
8;19/01/2019
8;23/01/2019
8;24/01/2019
8;27/01/2019
8;28/01/2019
8;09/01/2019
8;10/01/2019
8;11/01/2019
8;12/01/2019
8;15/01/2019
8;19/01/2019
8;23/01/2019
8;24/01/2019
8;27/01/2019
8;28/01/2019
8;28/01/2019
1;22/01/2019
1;24/01/2019
1;15/01/2019
1;24/01/2019
2;02/01/2019
2;09/01/2019
2;12/01/2019
2;12/01/2019
2;12/01/2019
2;12/01/2019
3;01/01/2019
3;01/01/2019
3;03/01/2019
3;05/01/2019
3;07/01/2019
3;10/01/2019
3;10/01/2019
3;01/01/2019
3;01/01/2019
3;03/01/2019
3;05/01/2019
3;07/01/2019
3;10/01/2019
3;10/01/2019
3;01/01/2019
3;01/01/2019
3;03/01/2019
3;05/01/2019
3;07/01/2019
3;10/01/2019
3;10/01/2019
4;17/01/2019
4;18/01/2019
4;19/01/2019
4;20/01/2019
4;20/01/2019
4;22/01/2019
4;24/01/2019
4;27/01/2019
4;17/01/2019
4;18/01/2019
4;19/01/2019
4;20/01/2019
4;20/01/2019
4;22/01/2019
4;24/01/2019
4;27/01/2019
4;17/01/2019
4;18/01/2019
4;19/01/2019
4;20/01/2019
4;20/01/2019
4;22/01/2019
4;24/01/2019
4;27/01/2019
4;17/01/2019
4;18/01/2019
4;19/01/2019
4;20/01/2019
4;20/01/2019
4;22/01/2019
4;24/01/2019
4;27/01/2019
4;17/01/2019
4;18/01/2019
4;19/01/2019
4;20/01/2019
4;20/01/2019
4;22/01/2019
4;24/01/2019
4;27/01/2019
4;17/01/2019
4;18/01/2019
4;19/01/2019
4;20/01/2019
4;20/01/2019
4;22/01/2019
4;24/01/2019
4;27/01/2019
5;11/01/2019
5;11/01/2019
5;15/01/2019
5;16/01/2019
5;11/01/2019
5;11/01/2019
5;15/01/2019
5;16/01/2019
5;11/01/2019
5;11/01/2019
5;15/01/2019
5;16/01/2019
5;11/01/2019
5;11/01/2019
5;15/01/2019
5;16/01/2019
5;11/01/2019
5;11/01/2019
5;15/01/2019
5;16/01/2019
5;11/01/2019
5;11/01/2019
5;15/01/2019
5;16/01/2019
6;13/01/2019
6;13/01/2019
6;15/01/2019
6;16/01/2019
6;16/01/2019
6;22/01/2019
6;23/01/2019
6;24/01/2019
6;25/01/2019
6;27/01/2019
6;13/01/2019
6;13/01/2019
6;15/01/2019
6;16/01/2019
6;16/01/2019
6;22/01/2019
6;23/01/2019
6;24/01/2019
6;25/01/2019
6;27/01/2019
6;13/01/2019
6;13/01/2019
6;15/01/2019
6;16/01/2019
6;16/01/2019
6;22/01/2019
6;23/01/2019
6;24/01/2019
6;25/01/2019
6;27/01/2019
6;13/01/2019
6;13/01/2019
6;15/01/2019
6;16/01/2019
6;16/01/2019
6;22/01/2019
6;23/01/2019
6;24/01/2019
6;25/01/2019
6;27/01/2019
6;13/01/2019
6;13/01/2019
6;15/01/2019
6;16/01/2019
6;16/01/2019
6;22/01/2019
6;23/01/2019
6;24/01/2019
6;25/01/2019
6;27/01/2019
6;13/01/2019
6;13/01/2019
6;15/01/2019
6;16/01/2019
6;16/01/2019
6;22/01/2019
6;23/01/2019
6;24/01/2019
6;25/01/2019
6;27/01/2019
7;01/01/2019
7;02/01/2019
7;03/01/2019
7;07/01/2019
7;13/01/2019
7;16/01/2019
7;16/01/2019
7;19/01/2019
7;20/01/2019
7;21/01/2019
7;21/01/2019
7;23/01/2019
7;23/01/2019
7;26/01/2019
7;28/01/2019
7;30/01/2019
7;01/01/2019
7;02/01/2019
7;03/01/2019
7;07/01/2019
7;13/01/2019
7;16/01/2019
7;16/01/2019
7;19/01/2019
7;20/01/2019
7;21/01/2019
7;21/01/2019
7;23/01/2019
7;23/01/2019
7;26/01/2019
7;28/01/2019
7;30/01/2019
7;01/01/2019
7;02/01/2019
7;03/01/2019
7;07/01/2019
7;13/01/2019
7;16/01/2019
7;16/01/2019
7;19/01/2019
7;20/01/2019
7;21/01/2019
7;21/01/2019
7;23/01/2019
7;23/01/2019
7;26/01/2019
7;28/01/2019
7;30/01/2019
7;01/01/2019
7;02/01/2019
7;03/01/2019
7;07/01/2019
7;13/01/2019
7;16/01/2019
7;16/01/2019
7;19/01/2019
7;20/01/2019
7;21/01/2019
7;21/01/2019
7;23/01/2019
7;23/01/2019
7;26/01/2019
7;28/01/2019
7;30/01/2019
7;01/01/2019
7;02/01/2019
7;03/01/2019
7;07/01/2019
7;13/01/2019
7;16/01/2019
7;16/01/2019
7;19/01/2019
7;20/01/2019
7;21/01/2019
7;21/01/2019
7;23/01/2019
7;23/01/2019
7;26/01/2019
7;28/01/2019
7;30/01/2019
7;01/01/2019
7;02/01/2019
7;03/01/2019
7;07/01/2019
7;13/01/2019
7;16/01/2019
7;16/01/2019
7;19/01/2019
7;20/01/2019
7;21/01/2019
7;21/01/2019
7;23/01/2019
7;23/01/2019
7;26/01/2019
7;28/01/2019
7;30/01/2019
8;09/01/2019
8;10/01/2019
8;11/01/2019
8;12/01/2019
8;15/01/2019
8;19/01/2019
8;23/01/2019
8;24/01/2019
8;27/01/2019
8;28/01/2019
8;09/01/2019
8;10/01/2019
8;11/01/2019
8;12/01/2019
8;15/01/2019
8;19/01/2019
8;23/01/2019
8;24/01/2019
8;27/01/2019
8;28/01/2019
8;09/01/2019
8;10/01/2019
8;11/01/2019
8;12/01/2019
8;15/01/2019
8;19/01/2019
8;23/01/2019
8;24/01/2019
8;27/01/2019
8;28/01/2019
8;09/01/2019
8;10/01/2019
8;11/01/2019
8;12/01/2019
8;15/01/2019
8;19/01/2019
8;23/01/2019
8;24/01/2019
8;27/01/2019
8;28/01/2019
8;09/01/2019
8;10/01/2019
8;11/01/2019
8;12/01/2019
8;15/01/2019
8;19/01/2019
8;23/01/2019
8;24/01/2019
8;27/01/2019
8;28/01/2019
8;09/01/2019
8;10/01/2019
8;11/01/2019
8;12/01/2019
8;15/01/2019
8;19/01/2019
8;23/01/2019
8;24/01/2019
8;27/01/2019
8;28/01/2019
1;15/01/2019
1;22/01/2019
1;24/01/2019
1;15/01/2019
1;24/01/2019
2;02/01/2019
2;09/01/2019
2;12/01/2019
2;12/01/2019
2;12/01/2019
2;12/01/2019
3;01/01/2019
3;01/01/2019
3;03/01/2019
3;05/01/2019
3;07/01/2019
3;10/01/2019
3;10/01/2019
3;01/01/2019
3;01/01/2019
3;03/01/2019
3;05/01/2019
3;07/01/2019
3;10/01/2019
3;10/01/2019
3;01/01/2019
3;01/01/2019
3;03/01/2019
3;05/01/2019
3;07/01/2019
3;10/01/2019
3;10/01/2019
4;17/01/2019
4;18/01/2019
4;19/01/2019
4;20/01/2019
4;20/01/2019
4;22/01/2019
4;24/01/2019
4;27/01/2019
4;17/01/2019
4;18/01/2019
4;19/01/2019
4;20/01/2019
4;20/01/2019
4;22/01/2019
4;24/01/2019
4;27/01/2019
4;17/01/2019
4;18/01/2019
4;19/01/2019
4;20/01/2019
4;20/01/2019
4;22/01/2019
4;24/01/2019
4;27/01/2019
4;17/01/2019
4;18/01/2019
4;19/01/2019
4;20/01/2019
4;20/01/2019
4;22/01/2019
4;24/01/2019
4;27/01/2019
4;17/01/2019
4;18/01/2019
4;19/01/2019
4;20/01/2019
4;20/01/2019
4;22/01/2019
4;24/01/2019
4;27/01/2019
4;17/01/2019
4;18/01/2019
4;19/01/2019
4;20/01/2019
4;20/01/2019
4;22/01/2019
4;24/01/2019
4;27/01/2019
5;11/01/2019
5;11/01/2019
5;15/01/2019
5;16/01/2019
5;11/01/2019
5;11/01/2019
5;15/01/2019
5;16/01/2019
5;11/01/2019
5;11/01/2019
5;15/01/2019
5;16/01/2019
5;11/01/2019
5;11/01/2019
5;15/01/2019
5;16/01/2019
5;11/01/2019
5;11/01/2019
5;15/01/2019
5;16/01/2019
5;11/01/2019
5;11/01/2019
5;15/01/2019
5;16/01/2019
6;13/01/2019
6;13/01/2019
6;15/01/2019
6;16/01/2019
6;16/01/2019
6;22/01/2019
6;23/01/2019
6;24/01/2019
6;25/01/2019
6;27/01/2019
6;13/01/2019
6;13/01/2019
6;15/01/2019
6;16/01/2019
6;16/01/2019
6;22/01/2019
6;23/01/2019
6;24/01/2019
6;25/01/2019
6;27/01/2019
6;13/01/2019
6;13/01/2019
6;15/01/2019
6;16/01/2019
6;16/01/2019
6;22/01/2019
6;23/01/2019
6;24/01/2019
6;25/01/2019
6;27/01/2019
6;13/01/2019
6;13/01/2019
6;15/01/2019
6;16/01/2019
6;16/01/2019
6;22/01/2019
6;23/01/2019
6;24/01/2019
6;25/01/2019
6;27/01/2019
6;13/01/2019
6;13/01/2019
6;15/01/2019
6;16/01/2019
6;16/01/2019
6;22/01/2019
6;23/01/2019
6;24/01/2019
6;25/01/2019
6;27/01/2019
6;13/01/2019
6;13/01/2019
6;15/01/2019
6;16/01/2019
6;16/01/2019
6;22/01/2019
6;23/01/2019
6;24/01/2019
6;25/01/2019
6;27/01/2019
7;01/01/2019
7;02/01/2019
7;03/01/2019
7;07/01/2019
7;13/01/2019
7;16/01/2019
7;16/01/2019
7;19/01/2019
7;20/01/2019
7;21/01/2019
7;21/01/2019
7;23/01/2019
7;23/01/2019
7;26/01/2019
7;28/01/2019
7;30/01/2019
7;01/01/2019
7;02/01/2019
7;03/01/2019
7;07/01/2019
7;13/01/2019
7;16/01/2019
7;16/01/2019
7;19/01/2019
7;20/01/2019
7;21/01/2019
7;21/01/2019
7;23/01/2019
7;23/01/2019
7;26/01/2019
7;28/01/2019
7;30/01/2019
7;01/01/2019
7;02/01/2019
7;03/01/2019
7;07/01/2019
7;13/01/2019
7;16/01/2019
7;16/01/2019
7;19/01/2019
7;20/01/2019
7;21/01/2019
7;21/01/2019
7;23/01/2019
7;23/01/2019
7;26/01/2019
7;28/01/2019
7;30/01/2019
7;01/01/2019
7;02/01/2019
7;03/01/2019
7;07/01/2019
7;13/01/2019
7;16/01/2019
7;16/01/2019
7;19/01/2019
7;20/01/2019
7;21/01/2019
7;21/01/2019
7;23/01/2019
7;23/01/2019
7;26/01/2019
7;28/01/2019
7;30/01/2019
7;01/01/2019
7;02/01/2019
7;03/01/2019
7;07/01/2019
7;13/01/2019
7;16/01/2019
7;16/01/2019
7;19/01/2019
7;20/01/2019
7;21/01/2019
7;21/01/2019
7;23/01/2019
7;23/01/2019
7;26/01/2019
7;28/01/2019
7;30/01/2019
7;01/01/2019
7;02/01/2019
7;03/01/2019
7;07/01/2019
7;13/01/2019
7;16/01/2019
7;16/01/2019
7;19/01/2019
7;20/01/2019
7;21/01/2019
7;21/01/2019
7;23/01/2019
7;23/01/2019
7;26/01/2019
7;28/01/2019
7;30/01/2019
8;09/01/2019
8;10/01/2019
8;11/01/2019
8;12/01/2019
8;15/01/2019
8;19/01/2019
8;23/01/2019
8;24/01/2019
8;27/01/2019
8;28/01/2019
8;09/01/2019
8;10/01/2019
8;11/01/2019
8;12/01/2019
8;15/01/2019
8;19/01/2019
8;23/01/2019
8;24/01/2019
8;27/01/2019
8;28/01/2019
8;09/01/2019
8;10/01/2019
8;11/01/2019
8;12/01/2019
8;15/01/2019
8;19/01/2019
8;23/01/2019
8;24/01/2019
8;27/01/2019
8;28/01/2019
8;09/01/2019
8;10/01/2019
8;11/01/2019
8;12/01/2019
8;15/01/2019
8;19/01/2019
8;23/01/2019
8;24/01/2019
8;27/01/2019
8;28/01/2019
8;09/01/2019
8;10/01/2019
8;11/01/2019
8;12/01/2019
8;15/01/2019
8;19/01/2019
8;23/01/2019
8;24/01/2019
8;27/01/2019
8;28/01/2019
8;09/01/2019
8;10/01/2019
8;11/01/2019
8;12/01/2019
8;15/01/2019
8;19/01/2019
8;23/01/2019
8;24/01/2019
8;27/01/2019
8;28/01/2019
1;15/01/2019
1;22/01/2019
1;24/01/2019
1;15/01/2019
1;24/01/2019
2;02/01/2019
2;09/01/2019
2;12/01/2019
2;12/01/2019
2;12/01/2019
2;12/01/2019
3;01/01/2019
3;01/01/2019
3;03/01/2019
3;05/01/2019
3;07/01/2019
3;10/01/2019
3;10/01/2019
3;01/01/2019
3;01/01/2019
3;03/01/2019
3;05/01/2019
3;07/01/2019
3;10/01/2019
3;10/01/2019
3;01/01/2019
3;01/01/2019
3;03/01/2019
3;05/01/2019
3;07/01/2019
3;10/01/2019
3;10/01/2019
4;17/01/2019
4;18/01/2019
4;19/01/2019
4;20/01/2019
4;20/01/2019
4;22/01/2019
4;24/01/2019
4;27/01/2019
4;17/01/2019
4;18/01/2019
4;19/01/2019
4;20/01/2019
4;20/01/2019
4;22/01/2019
4;24/01/2019
4;27/01/2019
4;17/01/2019
4;18/01/2019
4;19/01/2019
4;20/01/2019
4;20/01/2019
4;22/01/2019
4;24/01/2019
4;27/01/2019
4;17/01/2019
4;18/01/2019
4;19/01/2019
4;20/01/2019
4;20/01/2019
4;22/01/2019
4;24/01/2019
4;27/01/2019
4;17/01/2019
4;18/01/2019
4;19/01/2019
4;20/01/2019
4;20/01/2019
4;22/01/2019
4;24/01/2019
4;27/01/2019
4;17/01/2019
4;18/01/2019
4;19/01/2019
4;20/01/2019
4;20/01/2019
4;22/01/2019
4;24/01/2019
4;27/01/2019
5;11/01/2019
5;11/01/2019
5;15/01/2019
5;16/01/2019
5;11/01/2019
5;11/01/2019
5;15/01/2019
5;16/01/2019
5;11/01/2019
5;11/01/2019
5;15/01/2019
5;16/01/2019
5;11/01/2019
5;11/01/2019
5;15/01/2019
5;16/01/2019
5;11/01/2019
5;11/01/2019
5;15/01/2019
5;16/01/2019
5;11/01/2019
5;11/01/2019
5;15/01/2019
5;16/01/2019
6;13/01/2019
6;13/01/2019
6;15/01/2019
6;16/01/2019
6;16/01/2019
6;22/01/2019
6;23/01/2019
6;24/01/2019
6;25/01/2019
6;27/01/2019
6;13/01/2019
6;13/01/2019
6;15/01/2019
6;16/01/2019
6;16/01/2019
6;22/01/2019
6;23/01/2019
6;24/01/2019
6;25/01/2019
6;27/01/2019
6;13/01/2019
6;13/01/2019
6;15/01/2019
6;16/01/2019
6;16/01/2019
6;22/01/2019
6;23/01/2019
6;24/01/2019
6;25/01/2019
6;27/01/2019
6;13/01/2019
6;13/01/2019
6;15/01/2019
6;16/01/2019
6;16/01/2019
6;22/01/2019
6;23/01/2019
6;24/01/2019
6;25/01/2019
6;27/01/2019
6;13/01/2019
6;13/01/2019
6;15/01/2019
6;16/01/2019
6;16/01/2019
6;22/01/2019
6;23/01/2019
6;24/01/2019
6;25/01/2019
6;27/01/2019
6;13/01/2019
6;13/01/2019
6;15/01/2019
6;16/01/2019
6;16/01/2019
6;22/01/2019
6;23/01/2019
6;24/01/2019
6;25/01/2019
6;27/01/2019
7;01/01/2019
7;02/01/2019
7;03/01/2019
7;07/01/2019
7;13/01/2019
7;16/01/2019
7;16/01/2019
7;19/01/2019
7;20/01/2019
7;21/01/2019
7;21/01/2019
7;23/01/2019
7;23/01/2019
7;26/01/2019
7;28/01/2019
7;30/01/2019
7;01/01/2019
7;02/01/2019
7;03/01/2019
7;07/01/2019
7;13/01/2019
7;16/01/2019
7;16/01/2019
7;19/01/2019
7;20/01/2019
7;21/01/2019
7;21/01/2019
7;23/01/2019
7;23/01/2019
7;26/01/2019
7;28/01/2019
7;30/01/2019
7;01/01/2019
7;02/01/2019
7;03/01/2019
7;07/01/2019
7;13/01/2019
7;16/01/2019
7;16/01/2019
7;19/01/2019
7;20/01/2019
7;21/01/2019
7;21/01/2019
7;23/01/2019
7;23/01/2019
7;26/01/2019
7;28/01/2019
7;30/01/2019
7;01/01/2019
7;02/01/2019
7;03/01/2019
7;07/01/2019
7;13/01/2019
7;16/01/2019
7;16/01/2019
7;19/01/2019
7;20/01/2019
7;21/01/2019
7;21/01/2019
7;23/01/2019
7;23/01/2019
7;26/01/2019
7;28/01/2019
7;30/01/2019
7;01/01/2019
7;02/01/2019
7;03/01/2019
7;07/01/2019
7;13/01/2019
7;16/01/2019
7;16/01/2019
7;19/01/2019
7;20/01/2019
7;21/01/2019
7;21/01/2019
7;23/01/2019
7;23/01/2019
7;26/01/2019
7;28/01/2019
7;30/01/2019
7;01/01/2019
7;02/01/2019
7;03/01/2019
7;07/01/2019
7;13/01/2019
7;16/01/2019
7;16/01/2019
7;19/01/2019
7;20/01/2019
7;21/01/2019
7;21/01/2019
7;23/01/2019
7;23/01/2019
7;26/01/2019
7;28/01/2019
7;30/01/2019
8;09/01/2019
8;10/01/2019
8;11/01/2019
8;12/01/2019
8;15/01/2019
8;19/01/2019
8;23/01/2019
8;24/01/2019
8;27/01/2019
8;28/01/2019
8;09/01/2019
8;10/01/2019
8;11/01/2019
8;12/01/2019
8;15/01/2019
8;19/01/2019
8;23/01/2019
8;24/01/2019
8;27/01/2019
8;28/01/2019
8;09/01/2019
8;10/01/2019
8;11/01/2019
8;12/01/2019
8;15/01/2019
8;19/01/2019
8;23/01/2019
8;24/01/2019
8;27/01/2019
8;28/01/2019
8;09/01/2019
8;10/01/2019
8;11/01/2019
8;12/01/2019
8;15/01/2019
8;19/01/2019
8;23/01/2019
8;24/01/2019
8;27/01/2019
8;28/01/2019
8;09/01/2019
8;10/01/2019
8;11/01/2019
8;12/01/2019
8;15/01/2019
8;19/01/2019
8;23/01/2019
8;24/01/2019
8;27/01/2019
8;28/01/2019
8;09/01/2019
8;10/01/2019
8;11/01/2019
8;12/01/2019
8;15/01/2019
8;19/01/2019
8;23/01/2019
8;24/01/2019
8;27/01/2019
8;28/01/2019
8;28/01/2019
1;22/01/2019
1;24/01/2019
1;15/01/2019
1;24/01/2019
2;02/01/2019
2;09/01/2019
2;12/01/2019
2;12/01/2019
2;12/01/2019
2;12/01/2019
3;01/01/2019
3;01/01/2019
3;03/01/2019
3;05/01/2019
3;07/01/2019
3;10/01/2019
3;10/01/2019
3;01/01/2019
3;01/01/2019
3;03/01/2019
3;05/01/2019
3;07/01/2019
3;10/01/2019
3;10/01/2019
3;01/01/2019
3;01/01/2019
3;03/01/2019
3;05/01/2019
3;07/01/2019
3;10/01/2019
3;10/01/2019
4;17/01/2019
4;18/01/2019
4;19/01/2019
4;20/01/2019
4;20/01/2019
4;22/01/2019
4;24/01/2019
4;27/01/2019
4;17/01/2019
4;18/01/2019
4;19/01/2019
4;20/01/2019
4;20/01/2019
4;22/01/2019
4;24/01/2019
4;27/01/2019
4;17/01/2019
4;18/01/2019
4;19/01/2019
4;20/01/2019
4;20/01/2019
4;22/01/2019
4;24/01/2019
4;27/01/2019
4;17/01/2019
4;18/01/2019
4;19/01/2019
4;20/01/2019
4;20/01/2019
4;22/01/2019
4;24/01/2019
4;27/01/2019
4;17/01/2019
4;18/01/2019
4;19/01/2019
4;20/01/2019
4;20/01/2019
4;22/01/2019
4;24/01/2019
4;27/01/2019
4;17/01/2019
4;18/01/2019
4;19/01/2019
4;20/01/2019
4;20/01/2019
4;22/01/2019
4;24/01/2019
4;27/01/2019
5;11/01/2019
5;11/01/2019
5;15/01/2019
5;16/01/2019
5;11/01/2019
5;11/01/2019
5;15/01/2019
5;16/01/2019
5;11/01/2019
5;11/01/2019
5;15/01/2019
5;16/01/2019
5;11/01/2019
5;11/01/2019
5;15/01/2019
5;16/01/2019
5;11/01/2019
5;11/01/2019
5;15/01/2019
5;16/01/2019
5;11/01/2019
5;11/01/2019
5;15/01/2019
5;16/01/2019
6;13/01/2019
6;13/01/2019
6;15/01/2019
6;16/01/2019
6;16/01/2019
6;22/01/2019
6;23/01/2019
6;24/01/2019
6;25/01/2019
6;27/01/2019
6;13/01/2019
6;13/01/2019
6;15/01/2019
6;16/01/2019
6;16/01/2019
6;22/01/2019
6;23/01/2019
6;24/01/2019
6;25/01/2019
6;27/01/2019
6;13/01/2019
6;13/01/2019
6;15/01/2019
6;16/01/2019
6;16/01/2019
6;22/01/2019
6;23/01/2019
6;24/01/2019
6;25/01/2019
6;27/01/2019
6;13/01/2019
6;13/01/2019
6;15/01/2019
6;16/01/2019
6;16/01/2019
6;22/01/2019
6;23/01/2019
6;24/01/2019
6;25/01/2019
6;27/01/2019
6;13/01/2019
6;13/01/2019
6;15/01/2019
6;16/01/2019
6;16/01/2019
6;22/01/2019
6;23/01/2019
6;24/01/2019
6;25/01/2019
6;27/01/2019
6;13/01/2019
6;13/01/2019
6;15/01/2019
6;16/01/2019
6;16/01/2019
6;22/01/2019
6;23/01/2019
6;24/01/2019
6;25/01/2019
6;27/01/2019
7;01/01/2019
7;02/01/2019
7;03/01/2019
7;07/01/2019
7;13/01/2019
7;16/01/2019
7;16/01/2019
7;19/01/2019
7;20/01/2019
7;21/01/2019
7;21/01/2019
7;23/01/2019
7;23/01/2019
7;26/01/2019
7;28/01/2019
7;30/01/2019
7;01/01/2019
7;02/01/2019
7;03/01/2019
7;07/01/2019
7;13/01/2019
7;16/01/2019
7;16/01/2019
7;19/01/2019
7;20/01/2019
7;21/01/2019
7;21/01/2019
7;23/01/2019
7;23/01/2019
7;26/01/2019
7;28/01/2019
7;30/01/2019
7;01/01/2019
7;02/01/2019
7;03/01/2019
7;07/01/2019
7;13/01/2019
7;16/01/2019
7;16/01/2019
7;19/01/2019
7;20/01/2019
7;21/01/2019
7;21/01/2019
7;23/01/2019
7;23/01/2019
7;26/01/2019
7;28/01/2019
7;30/01/2019
7;01/01/2019
7;02/01/2019
7;03/01/2019
7;07/01/2019
7;13/01/2019
7;16/01/2019
7;16/01/2019
7;19/01/2019
7;20/01/2019
7;21/01/2019
7;21/01/2019
7;23/01/2019
7;23/01/2019
7;26/01/2019
7;28/01/2019
7;30/01/2019
7;01/01/2019
7;02/01/2019
7;03/01/2019
7;07/01/2019
7;13/01/2019
7;16/01/2019
7;16/01/2019
7;19/01/2019
7;20/01/2019
7;21/01/2019
7;21/01/2019
7;23/01/2019
7;23/01/2019
7;26/01/2019
7;28/01/2019
7;30/01/2019
7;01/01/2019
7;02/01/2019
7;03/01/2019
7;07/01/2019
7;13/01/2019
7;16/01/2019
7;16/01/2019
7;19/01/2019
7;20/01/2019
7;21/01/2019
7;21/01/2019
7;23/01/2019
7;23/01/2019
7;26/01/2019
7;28/01/2019
7;30/01/2019
8;09/01/2019
8;10/01/2019
8;11/01/2019
8;12/01/2019
8;15/01/2019
8;19/01/2019
8;23/01/2019
8;24/01/2019
8;27/01/2019
8;28/01/2019
8;09/01/2019
8;10/01/2019
8;11/01/2019
8;12/01/2019
8;15/01/2019
8;19/01/2019
8;23/01/2019
8;24/01/2019
8;27/01/2019
8;28/01/2019
8;09/01/2019
8;10/01/2019
8;11/01/2019
8;12/01/2019
8;15/01/2019
8;19/01/2019
8;23/01/2019
8;24/01/2019
8;27/01/2019
8;28/01/2019
8;09/01/2019
8;10/01/2019
8;11/01/2019
8;12/01/2019
8;15/01/2019
8;19/01/2019
8;23/01/2019
8;24/01/2019
8;27/01/2019
8;28/01/2019
8;09/01/2019
8;10/01/2019
8;11/01/2019
8;12/01/2019
8;15/01/2019
8;19/01/2019
8;23/01/2019
8;24/01/2019
8;27/01/2019
8;28/01/2019
8;09/01/2019
8;10/01/2019
8;11/01/2019
8;12/01/2019
8;15/01/2019
8;19/01/2019
8;23/01/2019
8;24/01/2019
8;27/01/2019
8;28/01/2019
1;15/01/2019
1;22/01/2019
1;24/01/2019
1;15/01/2019
1;24/01/2019
2;02/01/2019
2;09/01/2019
2;12/01/2019
2;12/01/2019
2;12/01/2019
2;12/01/2019
3;01/01/2019
3;01/01/2019
3;03/01/2019
3;05/01/2019
3;07/01/2019
3;10/01/2019
3;10/01/2019
3;01/01/2019
3;01/01/2019
3;03/01/2019
3;05/01/2019
3;07/01/2019
3;10/01/2019
3;10/01/2019
3;01/01/2019
3;01/01/2019
3;03/01/2019
3;05/01/2019
3;07/01/2019
3;10/01/2019
3;10/01/2019
4;17/01/2019
4;18/01/2019
4;19/01/2019
4;20/01/2019
4;20/01/2019
4;22/01/2019
4;24/01/2019
4;27/01/2019
4;17/01/2019
4;18/01/2019
4;19/01/2019
4;20/01/2019
4;20/01/2019
4;22/01/2019
4;24/01/2019
4;27/01/2019
4;17/01/2019
4;18/01/2019
4;19/01/2019
4;20/01/2019
4;20/01/2019
4;22/01/2019
4;24/01/2019
4;27/01/2019
4;17/01/2019
4;18/01/2019
4;19/01/2019
4;20/01/2019
4;20/01/2019
4;22/01/2019
4;24/01/2019
4;27/01/2019
4;17/01/2019
4;18/01/2019
4;19/01/2019
4;20/01/2019
4;20/01/2019
4;22/01/2019
4;24/01/2019
4;27/01/2019
4;17/01/2019
4;18/01/2019
4;19/01/2019
4;20/01/2019
4;20/01/2019
4;22/01/2019
4;24/01/2019
4;27/01/2019
5;11/01/2019
5;11/01/2019
5;15/01/2019
5;16/01/2019
5;11/01/2019
5;11/01/2019
5;15/01/2019
5;16/01/2019
5;11/01/2019
5;11/01/2019
5;15/01/2019
5;16/01/2019
5;11/01/2019
5;11/01/2019
5;15/01/2019
5;16/01/2019
5;11/01/2019
5;11/01/2019
5;15/01/2019
5;16/01/2019
5;11/01/2019
5;11/01/2019
5;15/01/2019
5;16/01/2019
6;13/01/2019
6;13/01/2019
6;15/01/2019
6;16/01/2019
6;16/01/2019
6;22/01/2019
6;23/01/2019
6;24/01/2019
6;25/01/2019
6;27/01/2019
6;13/01/2019
6;13/01/2019
6;15/01/2019
6;16/01/2019
6;16/01/2019
6;22/01/2019
6;23/01/2019
6;24/01/2019
6;25/01/2019
6;27/01/2019
6;13/01/2019
6;13/01/2019
6;15/01/2019
6;16/01/2019
6;16/01/2019
6;22/01/2019
6;23/01/2019
6;24/01/2019
6;25/01/2019
6;27/01/2019
6;13/01/2019
6;13/01/2019
6;15/01/2019
6;16/01/2019
6;16/01/2019
6;22/01/2019
6;23/01/2019
6;24/01/2019
6;25/01/2019
6;27/01/2019
6;13/01/2019
6;13/01/2019
6;15/01/2019
6;16/01/2019
6;16/01/2019
6;22/01/2019
6;23/01/2019
6;24/01/2019
6;25/01/2019
6;27/01/2019
6;13/01/2019
6;13/01/2019
6;15/01/2019
6;16/01/2019
6;16/01/2019
6;22/01/2019
6;23/01/2019
6;24/01/2019
6;25/01/2019
6;27/01/2019
7;01/01/2019
7;02/01/2019
7;03/01/2019
7;07/01/2019
7;13/01/2019
7;16/01/2019
7;16/01/2019
7;19/01/2019
7;20/01/2019
7;21/01/2019
7;21/01/2019
7;23/01/2019
7;23/01/2019
7;26/01/2019
7;28/01/2019
7;30/01/2019
7;01/01/2019
7;02/01/2019
7;03/01/2019
7;07/01/2019
7;13/01/2019
7;16/01/2019
7;16/01/2019
7;19/01/2019
7;20/01/2019
7;21/01/2019
7;21/01/2019
7;23/01/2019
7;23/01/2019
7;26/01/2019
7;28/01/2019
7;30/01/2019
7;01/01/2019
7;02/01/2019
7;03/01/2019
7;07/01/2019
7;13/01/2019
7;16/01/2019
7;16/01/2019
7;19/01/2019
7;20/01/2019
7;21/01/2019
7;21/01/2019
7;23/01/2019
7;23/01/2019
7;26/01/2019
7;28/01/2019
7;30/01/2019
7;01/01/2019
7;02/01/2019
7;03/01/2019
7;07/01/2019
7;13/01/2019
7;16/01/2019
7;16/01/2019
7;19/01/2019
7;20/01/2019
7;21/01/2019
7;21/01/2019
7;23/01/2019
7;23/01/2019
7;26/01/2019
7;28/01/2019
7;30/01/2019
7;01/01/2019
7;02/01/2019
7;03/01/2019
7;07/01/2019
7;13/01/2019
7;16/01/2019
7;16/01/2019
7;19/01/2019
7;20/01/2019
7;21/01/2019
7;21/01/2019
7;23/01/2019
7;23/01/2019
7;26/01/2019
7;28/01/2019
7;30/01/2019
7;01/01/2019
7;02/01/2019
7;03/01/2019
7;07/01/2019
7;13/01/2019
7;16/01/2019
7;16/01/2019
7;19/01/2019
7;20/01/2019
7;21/01/2019
7;21/01/2019
7;23/01/2019
7;23/01/2019
7;26/01/2019
7;28/01/2019
7;30/01/2019
8;09/01/2019
8;10/01/2019
8;11/01/2019
8;12/01/2019
8;15/01/2019
8;19/01/2019
8;23/01/2019
8;24/01/2019
8;27/01/2019
8;28/01/2019
8;09/01/2019
8;10/01/2019
8;11/01/2019
8;12/01/2019
8;15/01/2019
8;19/01/2019
8;23/01/2019
8;24/01/2019
8;27/01/2019
8;28/01/2019
8;09/01/2019
8;10/01/2019
8;11/01/2019
8;12/01/2019
8;15/01/2019
8;19/01/2019
8;23/01/2019
8;24/01/2019
8;27/01/2019
8;28/01/2019
8;09/01/2019
8;10/01/2019
8;11/01/2019
8;12/01/2019
8;15/01/2019
8;19/01/2019
8;23/01/2019
8;24/01/2019
8;27/01/2019
8;28/01/2019
8;09/01/2019
8;10/01/2019
8;11/01/2019
8;12/01/2019
8;15/01/2019
8;19/01/2019
8;23/01/2019
8;24/01/2019
8;27/01/2019
8;28/01/2019
8;09/01/2019
8;10/01/2019
8;11/01/2019
8;12/01/2019
8;15/01/2019
8;19/01/2019
8;23/01/2019
8;24/01/2019
8;27/01/2019
8;28/01/2019
1;15/01/2019
1;22/01/2019
1;24/01/2019
1;15/01/2019
1;24/01/2019
2;02/01/2019
2;09/01/2019
2;12/01/2019
2;12/01/2019
2;12/01/2019
2;12/01/2019
3;01/01/2019
3;01/01/2019
3;03/01/2019
3;05/01/2019
3;07/01/2019
3;10/01/2019
3;10/01/2019
3;01/01/2019
3;01/01/2019
3;03/01/2019
3;05/01/2019
3;07/01/2019
3;10/01/2019
3;10/01/2019
3;01/01/2019
3;01/01/2019
3;03/01/2019
3;05/01/2019
3;07/01/2019
3;10/01/2019
3;10/01/2019
4;17/01/2019
4;18/01/2019
4;19/01/2019
4;20/01/2019
4;20/01/2019
4;22/01/2019
4;24/01/2019
4;27/01/2019
4;17/01/2019
4;18/01/2019
4;19/01/2019
4;20/01/2019
4;20/01/2019
4;22/01/2019
4;24/01/2019
4;27/01/2019
4;17/01/2019
4;18/01/2019
4;19/01/2019
4;20/01/2019
4;20/01/2019
4;22/01/2019
4;24/01/2019
4;27/01/2019
4;17/01/2019
4;18/01/2019
4;19/01/2019
4;20/01/2019
4;20/01/2019
4;22/01/2019
4;24/01/2019
4;27/01/2019
4;17/01/2019
4;18/01/2019
4;19/01/2019
4;20/01/2019
4;20/01/2019
4;22/01/2019
4;24/01/2019
4;27/01/2019
4;17/01/2019
4;18/01/2019
4;19/01/2019
4;20/01/2019
4;20/01/2019
4;22/01/2019
4;24/01/2019
4;27/01/2019
5;11/01/2019
5;11/01/2019
5;15/01/2019
5;16/01/2019
5;11/01/2019
5;11/01/2019
5;15/01/2019
5;16/01/2019
5;11/01/2019
5;11/01/2019
5;15/01/2019
5;16/01/2019
5;11/01/2019
5;11/01/2019
5;15/01/2019
5;16/01/2019
5;11/01/2019
5;11/01/2019
5;15/01/2019
5;16/01/2019
5;11/01/2019
5;11/01/2019
5;15/01/2019
5;16/01/2019
6;13/01/2019
6;13/01/2019
6;15/01/2019
6;16/01/2019
6;16/01/2019
6;22/01/2019
6;23/01/2019
6;24/01/2019
6;25/01/2019
6;27/01/2019
6;13/01/2019
6;13/01/2019
6;15/01/2019
6;16/01/2019
6;16/01/2019
6;22/01/2019
6;23/01/2019
6;24/01/2019
6;25/01/2019
6;27/01/2019
6;13/01/2019
6;13/01/2019
6;15/01/2019
6;16/01/2019
6;16/01/2019
6;22/01/2019
6;23/01/2019
6;24/01/2019
6;25/01/2019
6;27/01/2019
6;13/01/2019
6;13/01/2019
6;15/01/2019
6;16/01/2019
6;16/01/2019
6;22/01/2019
6;23/01/2019
6;24/01/2019
6;25/01/2019
6;27/01/2019
6;13/01/2019
6;13/01/2019
6;15/01/2019
6;16/01/2019
6;16/01/2019
6;22/01/2019
6;23/01/2019
6;24/01/2019
6;25/01/2019
6;27/01/2019
6;13/01/2019
6;13/01/2019
6;15/01/2019
6;16/01/2019
6;16/01/2019
6;22/01/2019
6;23/01/2019
6;24/01/2019
6;25/01/2019
6;27/01/2019
7;01/01/2019
7;02/01/2019
7;03/01/2019
7;07/01/2019
7;13/01/2019
7;16/01/2019
7;16/01/2019
7;19/01/2019
7;20/01/2019
7;21/01/2019
7;21/01/2019
7;23/01/2019
7;23/01/2019
7;26/01/2019
7;28/01/2019
7;30/01/2019
7;01/01/2019
7;02/01/2019
7;03/01/2019
7;07/01/2019
7;13/01/2019
7;16/01/2019
7;16/01/2019
7;19/01/2019
7;20/01/2019
7;21/01/2019
7;21/01/2019
7;23/01/2019
7;23/01/2019
7;26/01/2019
7;28/01/2019
7;30/01/2019
7;01/01/2019
7;02/01/2019
7;03/01/2019
7;07/01/2019
7;13/01/2019
7;16/01/2019
7;16/01/2019
7;19/01/2019
7;20/01/2019
7;21/01/2019
7;21/01/2019
7;23/01/2019
7;23/01/2019
7;26/01/2019
7;28/01/2019
7;30/01/2019
7;01/01/2019
7;02/01/2019
7;03/01/2019
7;07/01/2019
7;13/01/2019
7;16/01/2019
7;16/01/2019
7;19/01/2019
7;20/01/2019
7;21/01/2019
7;21/01/2019
7;23/01/2019
7;23/01/2019
7;26/01/2019
7;28/01/2019
7;30/01/2019
7;01/01/2019
7;02/01/2019
7;03/01/2019
7;07/01/2019
7;13/01/2019
7;16/01/2019
7;16/01/2019
7;19/01/2019
7;20/01/2019
7;21/01/2019
7;21/01/2019
7;23/01/2019
7;23/01/2019
7;26/01/2019
7;28/01/2019
7;30/01/2019
7;01/01/2019
7;02/01/2019
7;03/01/2019
7;07/01/2019
7;13/01/2019
7;16/01/2019
7;16/01/2019
7;19/01/2019
7;20/01/2019
7;21/01/2019
7;21/01/2019
7;23/01/2019
7;23/01/2019
7;26/01/2019
7;28/01/2019
7;30/01/2019
8;09/01/2019
8;10/01/2019
8;11/01/2019
8;12/01/2019
8;15/01/2019
8;19/01/2019
8;23/01/2019
8;24/01/2019
8;27/01/2019
8;28/01/2019
8;09/01/2019
8;10/01/2019
8;11/01/2019
8;12/01/2019
8;15/01/2019
8;19/01/2019
8;23/01/2019
8;24/01/2019
8;27/01/2019
8;28/01/2019
8;09/01/2019
8;10/01/2019
8;11/01/2019
8;12/01/2019
8;15/01/2019
8;19/01/2019
8;23/01/2019
8;24/01/2019
8;27/01/2019
8;28/01/2019
8;09/01/2019
8;10/01/2019
8;11/01/2019
8;12/01/2019
8;15/01/2019
8;19/01/2019
8;23/01/2019
8;24/01/2019
8;27/01/2019
8;28/01/2019
8;09/01/2019
8;10/01/2019
8;11/01/2019
8;12/01/2019
8;15/01/2019
8;19/01/2019
8;23/01/2019
8;24/01/2019
8;27/01/2019
8;28/01/2019
8;09/01/2019
8;10/01/2019
8;11/01/2019
8;12/01/2019
8;15/01/2019
8;19/01/2019
8;23/01/2019
8;24/01/2019
8;27/01/2019
8;28/01/2019
8;28/01/2019
1;22/01/2019
1;24/01/2019
1;15/01/2019
1;24/01/2019
2;02/01/2019
2;09/01/2019
2;12/01/2019
2;12/01/2019
2;12/01/2019
2;12/01/2019
3;01/01/2019
3;01/01/2019
3;03/01/2019
3;05/01/2019
3;07/01/2019
3;10/01/2019
3;10/01/2019
3;01/01/2019
3;01/01/2019
3;03/01/2019
3;05/01/2019
3;07/01/2019
3;10/01/2019
3;10/01/2019
3;01/01/2019
3;01/01/2019
3;03/01/2019
3;05/01/2019
3;07/01/2019
3;10/01/2019
3;10/01/2019
4;17/01/2019
4;18/01/2019
4;19/01/2019
4;20/01/2019
4;20/01/2019
4;22/01/2019
4;24/01/2019
4;27/01/2019
4;17/01/2019
4;18/01/2019
4;19/01/2019
4;20/01/2019
4;20/01/2019
4;22/01/2019
4;24/01/2019
4;27/01/2019
4;17/01/2019
4;18/01/2019
4;19/01/2019
4;20/01/2019
4;20/01/2019
4;22/01/2019
4;24/01/2019
4;27/01/2019
4;17/01/2019
4;18/01/2019
4;19/01/2019
4;20/01/2019
4;20/01/2019
4;22/01/2019
4;24/01/2019
4;27/01/2019
4;17/01/2019
4;18/01/2019
4;19/01/2019
4;20/01/2019
4;20/01/2019
4;22/01/2019
4;24/01/2019
4;27/01/2019
4;17/01/2019
4;18/01/2019
4;19/01/2019
4;20/01/2019
4;20/01/2019
4;22/01/2019
4;24/01/2019
4;27/01/2019
5;11/01/2019
5;11/01/2019
5;15/01/2019
5;16/01/2019
5;11/01/2019
5;11/01/2019
5;15/01/2019
5;16/01/2019
5;11/01/2019
5;11/01/2019
5;15/01/2019
5;16/01/2019
5;11/01/2019
5;11/01/2019
5;15/01/2019
5;16/01/2019
5;11/01/2019
5;11/01/2019
5;15/01/2019
5;16/01/2019
5;11/01/2019
5;11/01/2019
5;15/01/2019
5;16/01/2019
6;13/01/2019
6;13/01/2019
6;15/01/2019
6;16/01/2019
6;16/01/2019
6;22/01/2019
6;23/01/2019
6;24/01/2019
6;25/01/2019
6;27/01/2019
6;13/01/2019
6;13/01/2019
6;15/01/2019
6;16/01/2019
6;16/01/2019
6;22/01/2019
6;23/01/2019
6;24/01/2019
6;25/01/2019
6;27/01/2019
6;13/01/2019
6;13/01/2019
6;15/01/2019
6;16/01/2019
6;16/01/2019
6;22/01/2019
6;23/01/2019
6;24/01/2019
6;25/01/2019
6;27/01/2019
6;13/01/2019
6;13/01/2019
6;15/01/2019
6;16/01/2019
6;16/01/2019
6;22/01/2019
6;23/01/2019
6;24/01/2019
6;25/01/2019
6;27/01/2019
6;13/01/2019
6;13/01/2019
6;15/01/2019
6;16/01/2019
6;16/01/2019
6;22/01/2019
6;23/01/2019
6;24/01/2019
6;25/01/2019
6;27/01/2019
6;13/01/2019
6;13/01/2019
6;15/01/2019
6;16/01/2019
6;16/01/2019
6;22/01/2019
6;23/01/2019
6;24/01/2019
6;25/01/2019
6;27/01/2019
7;01/01/2019
7;02/01/2019
7;03/01/2019
7;07/01/2019
7;13/01/2019
7;16/01/2019
7;16/01/2019
7;19/01/2019
7;20/01/2019
7;21/01/2019
7;21/01/2019
7;23/01/2019
7;23/01/2019
7;26/01/2019
7;28/01/2019
7;30/01/2019
7;01/01/2019
7;02/01/2019
7;03/01/2019
7;07/01/2019
7;13/01/2019
7;16/01/2019
7;16/01/2019
7;19/01/2019
7;20/01/2019
7;21/01/2019
7;21/01/2019
7;23/01/2019
7;23/01/2019
7;26/01/2019
7;28/01/2019
7;30/01/2019
7;01/01/2019
7;02/01/2019
7;03/01/2019
7;07/01/2019
7;13/01/2019
7;16/01/2019
7;16/01/2019
7;19/01/2019
7;20/01/2019
7;21/01/2019
7;21/01/2019
7;23/01/2019
7;23/01/2019
7;26/01/2019
7;28/01/2019
7;30/01/2019
7;01/01/2019
7;02/01/2019
7;03/01/2019
7;07/01/2019
7;13/01/2019
7;16/01/2019
7;16/01/2019
7;19/01/2019
7;20/01/2019
7;21/01/2019
7;21/01/2019
7;23/01/2019
7;23/01/2019
7;26/01/2019
7;28/01/2019
7;30/01/2019
7;01/01/2019
7;02/01/2019
7;03/01/2019
7;07/01/2019
7;13/01/2019
7;16/01/2019
7;16/01/2019
7;19/01/2019
7;20/01/2019
7;21/01/2019
7;21/01/2019
7;23/01/2019
7;23/01/2019
7;26/01/2019
7;28/01/2019
7;30/01/2019
7;01/01/2019
7;02/01/2019
7;03/01/2019
7;07/01/2019
7;13/01/2019
7;16/01/2019
7;16/01/2019
7;19/01/2019
7;20/01/2019
7;21/01/2019
7;21/01/2019
7;23/01/2019
7;23/01/2019
7;26/01/2019
7;28/01/2019
7;30/01/2019
8;09/01/2019
8;10/01/2019
8;11/01/2019
8;12/01/2019
8;15/01/2019
8;19/01/2019
8;23/01/2019
8;24/01/2019
8;27/01/2019
8;28/01/2019
8;09/01/2019
8;10/01/2019
8;11/01/2019
8;12/01/2019
8;15/01/2019
8;19/01/2019
8;23/01/2019
8;24/01/2019
8;27/01/2019
8;28/01/2019
8;09/01/2019
8;10/01/2019
8;11/01/2019
8;12/01/2019
8;15/01/2019
8;19/01/2019
8;23/01/2019
8;24/01/2019
8;27/01/2019
8;28/01/2019
8;09/01/2019
8;10/01/2019
8;11/01/2019
8;12/01/2019
8;15/01/2019
8;19/01/2019
8;23/01/2019
8;24/01/2019
8;27/01/2019
8;28/01/2019
8;09/01/2019
8;10/01/2019
8;11/01/2019
8;12/01/2019
8;15/01/2019
8;19/01/2019
8;23/01/2019
8;24/01/2019
8;27/01/2019
8;28/01/2019
8;09/01/2019
8;10/01/2019
8;11/01/2019
8;12/01/2019
8;15/01/2019
8;19/01/2019
8;23/01/2019
8;24/01/2019
8;27/01/2019
8;28/01/2019
1;15/01/2019
1;22/01/2019
1;24/01/2019
1;15/01/2019
1;24/01/2019
2;02/01/2019
2;09/01/2019
2;12/01/2019
2;12/01/2019
2;12/01/2019
2;12/01/2019
3;01/01/2019
3;01/01/2019
3;03/01/2019
3;05/01/2019
3;07/01/2019
3;10/01/2019
3;10/01/2019
3;01/01/2019
3;01/01/2019
3;03/01/2019
3;05/01/2019
3;07/01/2019
3;10/01/2019
3;10/01/2019
3;01/01/2019
3;01/01/2019
3;03/01/2019
3;05/01/2019
3;07/01/2019
3;10/01/2019
3;10/01/2019
4;17/01/2019
4;18/01/2019
4;19/01/2019
4;20/01/2019
4;20/01/2019
4;22/01/2019
4;24/01/2019
4;27/01/2019
4;17/01/2019
4;18/01/2019
4;19/01/2019
4;20/01/2019
4;20/01/2019
4;22/01/2019
4;24/01/2019
4;27/01/2019
4;17/01/2019
4;18/01/2019
4;19/01/2019
4;20/01/2019
4;20/01/2019
4;22/01/2019
4;24/01/2019
4;27/01/2019
4;17/01/2019
4;18/01/2019
4;19/01/2019
4;20/01/2019
4;20/01/2019
4;22/01/2019
4;24/01/2019
4;27/01/2019
4;17/01/2019
4;18/01/2019
4;19/01/2019
4;20/01/2019
4;20/01/2019
4;22/01/2019
4;24/01/2019
4;27/01/2019
4;17/01/2019
4;18/01/2019
4;19/01/2019
4;20/01/2019
4;20/01/2019
4;22/01/2019
4;24/01/2019
4;27/01/2019
5;11/01/2019
5;11/01/2019
5;15/01/2019
5;16/01/2019
5;11/01/2019
5;11/01/2019
5;15/01/2019
5;16/01/2019
5;11/01/2019
5;11/01/2019
5;15/01/2019
5;16/01/2019
5;11/01/2019
5;11/01/2019
5;15/01/2019
5;16/01/2019
5;11/01/2019
5;11/01/2019
5;15/01/2019
5;16/01/2019
5;11/01/2019
5;11/01/2019
5;15/01/2019
5;16/01/2019
6;13/01/2019
6;13/01/2019
6;15/01/2019
6;16/01/2019
6;16/01/2019
6;22/01/2019
6;23/01/2019
6;24/01/2019
6;25/01/2019
6;27/01/2019
6;13/01/2019
6;13/01/2019
6;15/01/2019
6;16/01/2019
6;16/01/2019
6;22/01/2019
6;23/01/2019
6;24/01/2019
6;25/01/2019
6;27/01/2019
6;13/01/2019
6;13/01/2019
6;15/01/2019
6;16/01/2019
6;16/01/2019
6;22/01/2019
6;23/01/2019
6;24/01/2019
6;25/01/2019
6;27/01/2019
6;13/01/2019
6;13/01/2019
6;15/01/2019
6;16/01/2019
6;16/01/2019
6;22/01/2019
6;23/01/2019
6;24/01/2019
6;25/01/2019
6;27/01/2019
6;13/01/2019
6;13/01/2019
6;15/01/2019
6;16/01/2019
6;16/01/2019
6;22/01/2019
6;23/01/2019
6;24/01/2019
6;25/01/2019
6;27/01/2019
6;13/01/2019
6;13/01/2019
6;15/01/2019
6;16/01/2019
6;16/01/2019
6;22/01/2019
6;23/01/2019
6;24/01/2019
6;25/01/2019
6;27/01/2019
7;01/01/2019
7;02/01/2019
7;03/01/2019
7;07/01/2019
7;13/01/2019
7;16/01/2019
7;16/01/2019
7;19/01/2019
7;20/01/2019
7;21/01/2019
7;21/01/2019
7;23/01/2019
7;23/01/2019
7;26/01/2019
7;28/01/2019
7;30/01/2019
7;01/01/2019
7;02/01/2019
7;03/01/2019
7;07/01/2019
7;13/01/2019
7;16/01/2019
7;16/01/2019
7;19/01/2019
7;20/01/2019
7;21/01/2019
7;21/01/2019
7;23/01/2019
7;23/01/2019
7;26/01/2019
7;28/01/2019
7;30/01/2019
7;01/01/2019
7;02/01/2019
7;03/01/2019
7;07/01/2019
7;13/01/2019
7;16/01/2019
7;16/01/2019
7;19/01/2019
7;20/01/2019
7;21/01/2019
7;21/01/2019
7;23/01/2019
7;23/01/2019
7;26/01/2019
7;28/01/2019
7;30/01/2019
7;01/01/2019
7;02/01/2019
7;03/01/2019
7;07/01/2019
7;13/01/2019
7;16/01/2019
7;16/01/2019
7;19/01/2019
7;20/01/2019
7;21/01/2019
7;21/01/2019
7;23/01/2019
7;23/01/2019
7;26/01/2019
7;28/01/2019
7;30/01/2019
7;01/01/2019
7;02/01/2019
7;03/01/2019
7;07/01/2019
7;13/01/2019
7;16/01/2019
7;16/01/2019
7;19/01/2019
7;20/01/2019
7;21/01/2019
7;21/01/2019
7;23/01/2019
7;23/01/2019
7;26/01/2019
7;28/01/2019
7;30/01/2019
7;01/01/2019
7;02/01/2019
7;03/01/2019
7;07/01/2019
7;13/01/2019
7;16/01/2019
7;16/01/2019
7;19/01/2019
7;20/01/2019
7;21/01/2019
7;21/01/2019
7;23/01/2019
7;23/01/2019
7;26/01/2019
7;28/01/2019
7;30/01/2019
8;09/01/2019
8;10/01/2019
8;11/01/2019
8;12/01/2019
8;15/01/2019
8;19/01/2019
8;23/01/2019
8;24/01/2019
8;27/01/2019
8;28/01/2019
8;09/01/2019
8;10/01/2019
8;11/01/2019
8;12/01/2019
8;15/01/2019
8;19/01/2019
8;23/01/2019
8;24/01/2019
8;27/01/2019
8;28/01/2019
8;09/01/2019
8;10/01/2019
8;11/01/2019
8;12/01/2019
8;15/01/2019
8;19/01/2019
8;23/01/2019
8;24/01/2019
8;27/01/2019
8;28/01/2019
8;09/01/2019
8;10/01/2019
8;11/01/2019
8;12/01/2019
8;15/01/2019
8;19/01/2019
8;23/01/2019
8;24/01/2019
8;27/01/2019
8;28/01/2019
8;09/01/2019
8;10/01/2019
8;11/01/2019
8;12/01/2019
8;15/01/2019
8;19/01/2019
8;23/01/2019
8;24/01/2019
8;27/01/2019
8;28/01/2019
8;09/01/2019
8;10/01/2019
8;11/01/2019
8;12/01/2019
8;15/01/2019
8;19/01/2019
8;23/01/2019
8;24/01/2019
8;27/01/2019
8;28/01/2019
1;15/01/2019
1;22/01/2019
1;24/01/2019
1;15/01/2019
1;24/01/2019
2;02/01/2019
2;09/01/2019
2;12/01/2019
2;12/01/2019
2;12/01/2019
2;12/01/2019
3;01/01/2019
3;01/01/2019
3;03/01/2019
3;05/01/2019
3;07/01/2019
3;10/01/2019
3;10/01/2019
3;01/01/2019
3;01/01/2019
3;03/01/2019
3;05/01/2019
3;07/01/2019
3;10/01/2019
3;10/01/2019
3;01/01/2019
3;01/01/2019
3;03/01/2019
3;05/01/2019
3;07/01/2019
3;10/01/2019
3;10/01/2019
4;17/01/2019
4;18/01/2019
4;19/01/2019
4;20/01/2019
4;20/01/2019
4;22/01/2019
4;24/01/2019
4;27/01/2019
4;17/01/2019
4;18/01/2019
4;19/01/2019
4;20/01/2019
4;20/01/2019
4;22/01/2019
4;24/01/2019
4;27/01/2019
4;17/01/2019
4;18/01/2019
4;19/01/2019
4;20/01/2019
4;20/01/2019
4;22/01/2019
4;24/01/2019
4;27/01/2019
4;17/01/2019
4;18/01/2019
4;19/01/2019
4;20/01/2019
4;20/01/2019
4;22/01/2019
4;24/01/2019
4;27/01/2019
4;17/01/2019
4;18/01/2019
4;19/01/2019
4;20/01/2019
4;20/01/2019
4;22/01/2019
4;24/01/2019
4;27/01/2019
4;17/01/2019
4;18/01/2019
4;19/01/2019
4;20/01/2019
4;20/01/2019
4;22/01/2019
4;24/01/2019
4;27/01/2019
5;11/01/2019
5;11/01/2019
5;15/01/2019
5;16/01/2019
5;11/01/2019
5;11/01/2019
5;15/01/2019
5;16/01/2019
5;11/01/2019
5;11/01/2019
5;15/01/2019
5;16/01/2019
5;11/01/2019
5;11/01/2019
5;15/01/2019
5;16/01/2019
5;11/01/2019
5;11/01/2019
5;15/01/2019
5;16/01/2019
5;11/01/2019
5;11/01/2019
5;15/01/2019
5;16/01/2019
6;13/01/2019
6;13/01/2019
6;15/01/2019
6;16/01/2019
6;16/01/2019
6;22/01/2019
6;23/01/2019
6;24/01/2019
6;25/01/2019
6;27/01/2019
6;13/01/2019
6;13/01/2019
6;15/01/2019
6;16/01/2019
6;16/01/2019
6;22/01/2019
6;23/01/2019
6;24/01/2019
6;25/01/2019
6;27/01/2019
6;13/01/2019
6;13/01/2019
6;15/01/2019
6;16/01/2019
6;16/01/2019
6;22/01/2019
6;23/01/2019
6;24/01/2019
6;25/01/2019
6;27/01/2019
6;13/01/2019
6;13/01/2019
6;15/01/2019
6;16/01/2019
6;16/01/2019
6;22/01/2019
6;23/01/2019
6;24/01/2019
6;25/01/2019
6;27/01/2019
6;13/01/2019
6;13/01/2019
6;15/01/2019
6;16/01/2019
6;16/01/2019
6;22/01/2019
6;23/01/2019
6;24/01/2019
6;25/01/2019
6;27/01/2019
6;13/01/2019
6;13/01/2019
6;15/01/2019
6;16/01/2019
6;16/01/2019
6;22/01/2019
6;23/01/2019
6;24/01/2019
6;25/01/2019
6;27/01/2019
7;01/01/2019
7;02/01/2019
7;03/01/2019
7;07/01/2019
7;13/01/2019
7;16/01/2019
7;16/01/2019
7;19/01/2019
7;20/01/2019
7;21/01/2019
7;21/01/2019
7;23/01/2019
7;23/01/2019
7;26/01/2019
7;28/01/2019
7;30/01/2019
7;01/01/2019
7;02/01/2019
7;03/01/2019
7;07/01/2019
7;13/01/2019
7;16/01/2019
7;16/01/2019
7;19/01/2019
7;20/01/2019
7;21/01/2019
7;21/01/2019
7;23/01/2019
7;23/01/2019
7;26/01/2019
7;28/01/2019
7;30/01/2019
7;01/01/2019
7;02/01/2019
7;03/01/2019
7;07/01/2019
7;13/01/2019
7;16/01/2019
7;16/01/2019
7;19/01/2019
7;20/01/2019
7;21/01/2019
7;21/01/2019
7;23/01/2019
7;23/01/2019
7;26/01/2019
7;28/01/2019
7;30/01/2019
7;01/01/2019
7;02/01/2019
7;03/01/2019
7;07/01/2019
7;13/01/2019
7;16/01/2019
7;16/01/2019
7;19/01/2019
7;20/01/2019
7;21/01/2019
7;21/01/2019
7;23/01/2019
7;23/01/2019
7;26/01/2019
7;28/01/2019
7;30/01/2019
7;01/01/2019
7;02/01/2019
7;03/01/2019
7;07/01/2019
7;13/01/2019
7;16/01/2019
7;16/01/2019
7;19/01/2019
7;20/01/2019
7;21/01/2019
7;21/01/2019
7;23/01/2019
7;23/01/2019
7;26/01/2019
7;28/01/2019
7;30/01/2019
7;01/01/2019
7;02/01/2019
7;03/01/2019
7;07/01/2019
7;13/01/2019
7;16/01/2019
7;16/01/2019
7;19/01/2019
7;20/01/2019
7;21/01/2019
7;21/01/2019
7;23/01/2019
7;23/01/2019
7;26/01/2019
7;28/01/2019
7;30/01/2019
8;09/01/2019
8;10/01/2019
8;11/01/2019
8;12/01/2019
8;15/01/2019
8;19/01/2019
8;23/01/2019
8;24/01/2019
8;27/01/2019
8;28/01/2019
8;09/01/2019
8;10/01/2019
8;11/01/2019
8;12/01/2019
8;15/01/2019
8;19/01/2019
8;23/01/2019
8;24/01/2019
8;27/01/2019
8;28/01/2019
8;09/01/2019
8;10/01/2019
8;11/01/2019
8;12/01/2019
8;15/01/2019
8;19/01/2019
8;23/01/2019
8;24/01/2019
8;27/01/2019
8;28/01/2019
8;09/01/2019
8;10/01/2019
8;11/01/2019
8;12/01/2019
8;15/01/2019
8;19/01/2019
8;23/01/2019
8;24/01/2019
8;27/01/2019
8;28/01/2019
8;09/01/2019
8;10/01/2019
8;11/01/2019
8;12/01/2019
8;15/01/2019
8;19/01/2019
8;23/01/2019
8;24/01/2019
8;27/01/2019
8;28/01/2019
8;09/01/2019
8;10/01/2019
8;11/01/2019
8;12/01/2019
8;15/01/2019
8;19/01/2019
8;23/01/2019
8;24/01/2019
8;27/01/2019
8;28/01/2019
8;28/01/2019
